file,line,type,commit,author,date,time,timezone,datetime,depth,length
style.css,1,css,e2272bc8,SelinaHhan,2025-10-01,18:48:51,-07:00,2025-10-01T18:48:51-07:00,0,4
style.css,2,css,e2272bc8,SelinaHhan,2025-10-01,18:48:51,-07:00,2025-10-01T18:48:51-07:00,1,43
style.css,3,css,e2272bc8,SelinaHhan,2025-10-01,18:48:51,-07:00,2025-10-01T18:48:51-07:00,0,42
style.css,4,css,e2272bc8,SelinaHhan,2025-10-01,18:48:51,-07:00,2025-10-01T18:48:51-07:00,0,0
style.css,5,css,e2272bc8,SelinaHhan,2025-10-01,18:48:51,-07:00,2025-10-01T18:48:51-07:00,1,23
style.css,6,css,55e179ca,SelinaHhan,2025-10-10,10:33:15,-07:00,2025-10-10T10:33:15-07:00,1,15
style.css,7,css,55e179ca,SelinaHhan,2025-10-10,10:33:15,-07:00,2025-10-10T10:33:15-07:00,0,0
style.css,8,css,55e179ca,SelinaHhan,2025-10-10,10:33:15,-07:00,2025-10-10T10:33:15-07:00,1,14
style.css,9,css,55e179ca,SelinaHhan,2025-10-10,10:33:15,-07:00,2025-10-10T10:33:15-07:00,1,18
style.css,10,css,55e179ca,SelinaHhan,2025-10-10,10:33:15,-07:00,2025-10-10T10:33:15-07:00,0,0
style.css,11,css,55e179ca,SelinaHhan,2025-10-10,10:33:15,-07:00,2025-10-10T10:33:15-07:00,1,12
style.css,12,css,55e179ca,SelinaHhan,2025-10-10,10:33:15,-07:00,2025-10-10T10:33:15-07:00,1,37
style.css,13,css,55e179ca,SelinaHhan,2025-10-10,10:33:15,-07:00,2025-10-10T10:33:15-07:00,0,0
style.css,14,css,71c19a5e,SelinaHhan,2025-10-17,16:34:50,-07:00,2025-10-17T16:34:50-07:00,1,16
style.css,15,css,71c19a5e,SelinaHhan,2025-10-17,16:34:50,-07:00,2025-10-17T16:34:50-07:00,0,0
style.css,16,css,e2272bc8,SelinaHhan,2025-10-01,18:48:51,-07:00,2025-10-01T18:48:51-07:00,0,0
style.css,17,css,55e179ca,SelinaHhan,2025-10-10,10:33:15,-07:00,2025-10-10T10:33:15-07:00,0,3
style.css,18,css,55e179ca,SelinaHhan,2025-10-10,10:33:15,-07:00,2025-10-10T10:33:15-07:00,1,12
style.css,19,css,55e179ca,SelinaHhan,2025-10-10,10:33:15,-07:00,2025-10-10T10:33:15-07:00,1,14
style.css,20,css,55e179ca,SelinaHhan,2025-10-10,10:33:15,-07:00,2025-10-10T10:33:15-07:00,1,10
style.css,21,css,55e179ca,SelinaHhan,2025-10-10,10:33:15,-07:00,2025-10-10T10:33:15-07:00,0,0
style.css,22,css,55e179ca,SelinaHhan,2025-10-10,10:33:15,-07:00,2025-10-10T10:33:15-07:00,1,20
style.css,23,css,55e179ca,SelinaHhan,2025-10-10,10:33:15,-07:00,2025-10-10T10:33:15-07:00,1,13
style.css,24,css,55e179ca,SelinaHhan,2025-10-10,10:33:15,-07:00,2025-10-10T10:33:15-07:00,1,17
style.css,25,css,55e179ca,SelinaHhan,2025-10-10,10:33:15,-07:00,2025-10-10T10:33:15-07:00,1,13
style.css,26,css,55e179ca,SelinaHhan,2025-10-10,10:33:15,-07:00,2025-10-10T10:33:15-07:00,1,18
style.css,27,css,55e179ca,SelinaHhan,2025-10-10,10:33:15,-07:00,2025-10-10T10:33:15-07:00,0,0
style.css,28,css,55e179ca,SelinaHhan,2025-10-10,10:33:15,-07:00,2025-10-10T10:33:15-07:00,1,23
style.css,29,css,55e179ca,SelinaHhan,2025-10-10,10:33:15,-07:00,2025-10-10T10:33:15-07:00,1,25
style.css,30,css,55e179ca,SelinaHhan,2025-10-10,10:33:15,-07:00,2025-10-10T10:33:15-07:00,1,37
style.css,31,css,55e179ca,SelinaHhan,2025-10-10,10:33:15,-07:00,2025-10-10T10:33:15-07:00,0,0
style.css,32,css,55e179ca,SelinaHhan,2025-10-10,10:33:15,-07:00,2025-10-10T10:33:15-07:00,0,0
style.css,33,css,55e179ca,SelinaHhan,2025-10-10,10:33:15,-07:00,2025-10-10T10:33:15-07:00,0,13
style.css,34,css,55e179ca,SelinaHhan,2025-10-10,10:33:15,-07:00,2025-10-10T10:33:15-07:00,1,25
style.css,35,css,55e179ca,SelinaHhan,2025-10-10,10:33:15,-07:00,2025-10-10T10:33:15-07:00,1,26
style.css,36,css,55e179ca,SelinaHhan,2025-10-10,10:33:15,-07:00,2025-10-10T10:33:15-07:00,1,37
style.css,37,css,55e179ca,SelinaHhan,2025-10-10,10:33:15,-07:00,2025-10-10T10:33:15-07:00,1,34
style.css,38,css,55e179ca,SelinaHhan,2025-10-10,10:33:15,-07:00,2025-10-10T10:33:15-07:00,0,0
style.css,39,css,55e179ca,SelinaHhan,2025-10-10,10:33:15,-07:00,2025-10-10T10:33:15-07:00,0,4
style.css,40,css,55e179ca,SelinaHhan,2025-10-10,10:33:15,-07:00,2025-10-10T10:33:15-07:00,1,33
style.css,41,css,55e179ca,SelinaHhan,2025-10-10,10:33:15,-07:00,2025-10-10T10:33:15-07:00,1,32
style.css,42,css,55e179ca,SelinaHhan,2025-10-10,10:33:15,-07:00,2025-10-10T10:33:15-07:00,0,0
style.css,43,css,55e179ca,SelinaHhan,2025-10-10,10:33:15,-07:00,2025-10-10T10:33:15-07:00,0,11
style.css,44,css,55e179ca,SelinaHhan,2025-10-10,10:33:15,-07:00,2025-10-10T10:33:15-07:00,1,25
style.css,45,css,55e179ca,SelinaHhan,2025-10-10,10:33:15,-07:00,2025-10-10T10:33:15-07:00,1,25
style.css,46,css,55e179ca,SelinaHhan,2025-10-10,10:33:15,-07:00,2025-10-10T10:33:15-07:00,1,39
style.css,47,css,55e179ca,SelinaHhan,2025-10-10,10:33:15,-07:00,2025-10-10T10:33:15-07:00,1,34
style.css,48,css,71c19a5e,SelinaHhan,2025-10-17,16:34:50,-07:00,2025-10-17T16:34:50-07:00,1,69
style.css,49,css,55e179ca,SelinaHhan,2025-10-10,10:33:15,-07:00,2025-10-10T10:33:15-07:00,0,0
style.css,50,css,55e179ca,SelinaHhan,2025-10-10,10:33:15,-07:00,2025-10-10T10:33:15-07:00,0,21
style.css,51,css,55e179ca,SelinaHhan,2025-10-10,10:33:15,-07:00,2025-10-10T10:33:15-07:00,1,12
style.css,52,css,55e179ca,SelinaHhan,2025-10-10,10:33:15,-07:00,2025-10-10T10:33:15-07:00,0,0
style.css,53,css,71c19a5e,SelinaHhan,2025-10-17,16:34:50,-07:00,2025-10-17T16:34:50-07:00,0,23
style.css,54,css,55e179ca,SelinaHhan,2025-10-10,10:33:15,-07:00,2025-10-10T10:33:15-07:00,1,12
style.css,55,css,55e179ca,SelinaHhan,2025-10-10,10:33:15,-07:00,2025-10-10T10:33:15-07:00,1,29
style.css,56,css,55e179ca,SelinaHhan,2025-10-10,10:33:15,-07:00,2025-10-10T10:33:15-07:00,1,18
style.css,57,css,55e179ca,SelinaHhan,2025-10-10,10:33:15,-07:00,2025-10-10T10:33:15-07:00,1,18
style.css,58,css,55e179ca,SelinaHhan,2025-10-10,10:33:15,-07:00,2025-10-10T10:33:15-07:00,0,0
style.css,59,css,55e179ca,SelinaHhan,2025-10-10,10:33:15,-07:00,2025-10-10T10:33:15-07:00,0,3
style.css,60,css,55e179ca,SelinaHhan,2025-10-10,10:33:15,-07:00,2025-10-10T10:33:15-07:00,1,12
style.css,61,css,55e179ca,SelinaHhan,2025-10-10,10:33:15,-07:00,2025-10-10T10:33:15-07:00,1,30
style.css,62,css,55e179ca,SelinaHhan,2025-10-10,10:33:15,-07:00,2025-10-10T10:33:15-07:00,0,0
style.css,63,css,55e179ca,SelinaHhan,2025-10-10,10:33:15,-07:00,2025-10-10T10:33:15-07:00,0,5
style.css,64,css,55e179ca,SelinaHhan,2025-10-10,10:33:15,-07:00,2025-10-10T10:33:15-07:00,1,18
style.css,65,css,55e179ca,SelinaHhan,2025-10-10,10:33:15,-07:00,2025-10-10T10:33:15-07:00,0,0
style.css,66,css,55e179ca,SelinaHhan,2025-10-10,10:33:15,-07:00,2025-10-10T10:33:15-07:00,0,9
style.css,67,css,55e179ca,SelinaHhan,2025-10-10,10:33:15,-07:00,2025-10-10T10:33:15-07:00,1,12
style.css,68,css,55e179ca,SelinaHhan,2025-10-10,10:33:15,-07:00,2025-10-10T10:33:15-07:00,1,58
style.css,69,css,55e179ca,SelinaHhan,2025-10-10,10:33:15,-07:00,2025-10-10T10:33:15-07:00,1,19
style.css,70,css,55e179ca,SelinaHhan,2025-10-10,10:33:15,-07:00,2025-10-10T10:33:15-07:00,1,7
style.css,71,css,55e179ca,SelinaHhan,2025-10-10,10:33:15,-07:00,2025-10-10T10:33:15-07:00,0,0
style.css,72,css,55e179ca,SelinaHhan,2025-10-10,10:33:15,-07:00,2025-10-10T10:33:15-07:00,0,6
style.css,73,css,55e179ca,SelinaHhan,2025-10-10,10:33:15,-07:00,2025-10-10T10:33:15-07:00,1,12
style.css,74,css,55e179ca,SelinaHhan,2025-10-10,10:33:15,-07:00,2025-10-10T10:33:15-07:00,1,26
style.css,75,css,55e179ca,SelinaHhan,2025-10-10,10:33:15,-07:00,2025-10-10T10:33:15-07:00,1,15
style.css,76,css,55e179ca,SelinaHhan,2025-10-10,10:33:15,-07:00,2025-10-10T10:33:15-07:00,1,7
style.css,77,css,55e179ca,SelinaHhan,2025-10-10,10:33:15,-07:00,2025-10-10T10:33:15-07:00,0,0
style.css,78,css,55e179ca,SelinaHhan,2025-10-10,10:33:15,-07:00,2025-10-10T10:33:15-07:00,0,12
style.css,79,css,55e179ca,SelinaHhan,2025-10-10,10:33:15,-07:00,2025-10-10T10:33:15-07:00,1,8
style.css,80,css,55e179ca,SelinaHhan,2025-10-10,10:33:15,-07:00,2025-10-10T10:33:15-07:00,0,0
style.css,81,css,55e179ca,SelinaHhan,2025-10-10,10:33:15,-07:00,2025-10-10T10:33:15-07:00,0,11
style.css,82,css,55e179ca,SelinaHhan,2025-10-10,10:33:15,-07:00,2025-10-10T10:33:15-07:00,1,14
style.css,83,css,55e179ca,SelinaHhan,2025-10-10,10:33:15,-07:00,2025-10-10T10:33:15-07:00,0,0
style.css,84,css,55e179ca,SelinaHhan,2025-10-10,10:33:15,-07:00,2025-10-10T10:33:15-07:00,0,31
style.css,85,css,55e179ca,SelinaHhan,2025-10-10,10:33:15,-07:00,2025-10-10T10:33:15-07:00,1,15
style.css,86,css,55e179ca,SelinaHhan,2025-10-10,10:33:15,-07:00,2025-10-10T10:33:15-07:00,1,17
style.css,87,css,55e179ca,SelinaHhan,2025-10-10,10:33:15,-07:00,2025-10-10T10:33:15-07:00,0,0
style.css,88,css,55e179ca,SelinaHhan,2025-10-10,10:33:15,-07:00,2025-10-10T10:33:15-07:00,0,9
style.css,89,css,55e179ca,SelinaHhan,2025-10-10,10:33:15,-07:00,2025-10-10T10:33:15-07:00,1,32
style.css,90,css,55e179ca,SelinaHhan,2025-10-10,10:33:15,-07:00,2025-10-10T10:33:15-07:00,1,16
style.css,91,css,55e179ca,SelinaHhan,2025-10-10,10:33:15,-07:00,2025-10-10T10:33:15-07:00,0,0
style.css,92,css,55e179ca,SelinaHhan,2025-10-10,10:33:15,-07:00,2025-10-10T10:33:15-07:00,0,22
style.css,93,css,55e179ca,SelinaHhan,2025-10-10,10:33:15,-07:00,2025-10-10T10:33:15-07:00,0,69
style.css,94,css,55e179ca,SelinaHhan,2025-10-10,10:33:15,-07:00,2025-10-10T10:33:15-07:00,1,15
style.css,95,css,55e179ca,SelinaHhan,2025-10-10,10:33:15,-07:00,2025-10-10T10:33:15-07:00,1,17
style.css,96,css,55e179ca,SelinaHhan,2025-10-10,10:33:15,-07:00,2025-10-10T10:33:15-07:00,0,0
style.css,97,css,55e179ca,SelinaHhan,2025-10-10,10:33:15,-07:00,2025-10-10T10:33:15-07:00,0,6
style.css,98,css,55e179ca,SelinaHhan,2025-10-10,10:33:15,-07:00,2025-10-10T10:33:15-07:00,1,12
style.css,99,css,55e179ca,SelinaHhan,2025-10-10,10:33:15,-07:00,2025-10-10T10:33:15-07:00,1,11
style.css,100,css,55e179ca,SelinaHhan,2025-10-10,10:33:15,-07:00,2025-10-10T10:33:15-07:00,1,19
style.css,101,css,55e179ca,SelinaHhan,2025-10-10,10:33:15,-07:00,2025-10-10T10:33:15-07:00,0,0
style.css,102,css,55e179ca,SelinaHhan,2025-10-10,10:33:15,-07:00,2025-10-10T10:33:15-07:00,0,24
style.css,103,css,55e179ca,SelinaHhan,2025-10-10,10:33:15,-07:00,2025-10-10T10:33:15-07:00,1,6
style.css,104,css,55e179ca,SelinaHhan,2025-10-10,10:33:15,-07:00,2025-10-10T10:33:15-07:00,2,31
style.css,105,css,55e179ca,SelinaHhan,2025-10-10,10:33:15,-07:00,2025-10-10T10:33:15-07:00,2,15
style.css,106,css,55e179ca,SelinaHhan,2025-10-10,10:33:15,-07:00,2025-10-10T10:33:15-07:00,1,0
style.css,107,css,55e179ca,SelinaHhan,2025-10-10,10:33:15,-07:00,2025-10-10T10:33:15-07:00,1,15
style.css,108,css,55e179ca,SelinaHhan,2025-10-10,10:33:15,-07:00,2025-10-10T10:33:15-07:00,1,14
style.css,109,css,55e179ca,SelinaHhan,2025-10-10,10:33:15,-07:00,2025-10-10T10:33:15-07:00,1,36
style.css,110,css,55e179ca,SelinaHhan,2025-10-10,10:33:15,-07:00,2025-10-10T10:33:15-07:00,1,37
style.css,111,css,55e179ca,SelinaHhan,2025-10-10,10:33:15,-07:00,2025-10-10T10:33:15-07:00,0,0
style.css,112,css,55e179ca,SelinaHhan,2025-10-10,10:33:15,-07:00,2025-10-10T10:33:15-07:00,0,14
style.css,113,css,55e179ca,SelinaHhan,2025-10-10,10:33:15,-07:00,2025-10-10T10:33:15-07:00,1,12
style.css,114,css,55e179ca,SelinaHhan,2025-10-10,10:33:15,-07:00,2025-10-10T10:33:15-07:00,1,72
style.css,115,css,55e179ca,SelinaHhan,2025-10-10,10:33:15,-07:00,2025-10-10T10:33:15-07:00,1,55
style.css,116,css,55e179ca,SelinaHhan,2025-10-10,10:33:15,-07:00,2025-10-10T10:33:15-07:00,1,9
style.css,117,css,55e179ca,SelinaHhan,2025-10-10,10:33:15,-07:00,2025-10-10T10:33:15-07:00,1,23
style.css,118,css,55e179ca,SelinaHhan,2025-10-10,10:33:15,-07:00,2025-10-10T10:33:15-07:00,1,49
style.css,119,css,55e179ca,SelinaHhan,2025-10-10,10:33:15,-07:00,2025-10-10T10:33:15-07:00,0,0
style.css,120,css,55e179ca,SelinaHhan,2025-10-10,10:33:15,-07:00,2025-10-10T10:33:15-07:00,0,17
style.css,121,css,55e179ca,SelinaHhan,2025-10-10,10:33:15,-07:00,2025-10-10T10:33:15-07:00,1,8
style.css,122,css,55e179ca,SelinaHhan,2025-10-10,10:33:15,-07:00,2025-10-10T10:33:15-07:00,1,14
style.css,123,css,55e179ca,SelinaHhan,2025-10-10,10:33:15,-07:00,2025-10-10T10:33:15-07:00,0,0
style.css,124,css,55e179ca,SelinaHhan,2025-10-10,10:33:15,-07:00,2025-10-10T10:33:15-07:00,0,18
style.css,125,css,55e179ca,SelinaHhan,2025-10-10,10:33:15,-07:00,2025-10-10T10:33:15-07:00,1,8
style.css,126,css,55e179ca,SelinaHhan,2025-10-10,10:33:15,-07:00,2025-10-10T10:33:15-07:00,1,53
style.css,127,css,55e179ca,SelinaHhan,2025-10-10,10:33:15,-07:00,2025-10-10T10:33:15-07:00,0,0
style.css,128,css,55e179ca,SelinaHhan,2025-10-10,10:33:15,-07:00,2025-10-10T10:33:15-07:00,0,9
style.css,129,css,55e179ca,SelinaHhan,2025-10-10,10:33:15,-07:00,2025-10-10T10:33:15-07:00,1,22
style.css,130,css,55e179ca,SelinaHhan,2025-10-10,10:33:15,-07:00,2025-10-10T10:33:15-07:00,1,9
style.css,131,css,55e179ca,SelinaHhan,2025-10-10,10:33:15,-07:00,2025-10-10T10:33:15-07:00,0,0
style.css,132,css,71c19a5e,SelinaHhan,2025-10-17,16:34:50,-07:00,2025-10-17T16:34:50-07:00,0,29
style.css,133,css,71c19a5e,SelinaHhan,2025-10-17,16:34:50,-07:00,2025-10-17T16:34:50-07:00,0,0
style.css,134,css,71c19a5e,SelinaHhan,2025-10-17,16:34:50,-07:00,2025-10-17T16:34:50-07:00,0,18
style.css,135,css,71c19a5e,SelinaHhan,2025-10-17,16:34:50,-07:00,2025-10-17T16:34:50-07:00,1,14
style.css,136,css,71c19a5e,SelinaHhan,2025-10-17,16:34:50,-07:00,2025-10-17T16:34:50-07:00,1,11
style.css,137,css,71c19a5e,SelinaHhan,2025-10-17,16:34:50,-07:00,2025-10-17T16:34:50-07:00,1,10
style.css,138,css,71c19a5e,SelinaHhan,2025-10-17,16:34:50,-07:00,2025-10-17T16:34:50-07:00,1,13
style.css,139,css,71c19a5e,SelinaHhan,2025-10-17,16:34:50,-07:00,2025-10-17T16:34:50-07:00,1,19
style.css,140,css,71c19a5e,SelinaHhan,2025-10-17,16:34:50,-07:00,2025-10-17T16:34:50-07:00,1,10
style.css,141,css,71c19a5e,SelinaHhan,2025-10-17,16:34:50,-07:00,2025-10-17T16:34:50-07:00,1,18
style.css,142,css,71c19a5e,SelinaHhan,2025-10-17,16:34:50,-07:00,2025-10-17T16:34:50-07:00,1,17
style.css,143,css,71c19a5e,SelinaHhan,2025-10-17,16:34:50,-07:00,2025-10-17T16:34:50-07:00,1,14
style.css,144,css,71c19a5e,SelinaHhan,2025-10-17,16:34:50,-07:00,2025-10-17T16:34:50-07:00,1,34
style.css,145,css,71c19a5e,SelinaHhan,2025-10-17,16:34:50,-07:00,2025-10-17T16:34:50-07:00,1,21
style.css,146,css,71c19a5e,SelinaHhan,2025-10-17,16:34:50,-07:00,2025-10-17T16:34:50-07:00,1,12
style.css,147,css,71c19a5e,SelinaHhan,2025-10-17,16:34:50,-07:00,2025-10-17T16:34:50-07:00,1,39
style.css,148,css,71c19a5e,SelinaHhan,2025-10-17,16:34:50,-07:00,2025-10-17T16:34:50-07:00,0,0
style.css,149,css,6559f060,SelinaHhan,2025-10-24,17:10:04,-07:00,2025-10-24T17:10:04-07:00,0,9
style.css,150,css,6559f060,SelinaHhan,2025-10-24,17:10:04,-07:00,2025-10-24T17:10:04-07:00,1,82
style.css,151,css,6559f060,SelinaHhan,2025-10-24,17:10:04,-07:00,2025-10-24T17:10:04-07:00,1,58
style.css,152,css,6559f060,SelinaHhan,2025-10-24,17:10:04,-07:00,2025-10-24T17:10:04-07:00,1,11
style.css,153,css,6559f060,SelinaHhan,2025-10-24,17:10:04,-07:00,2025-10-24T17:10:04-07:00,1,17
style.css,154,css,6559f060,SelinaHhan,2025-10-24,17:10:04,-07:00,2025-10-24T17:10:04-07:00,0,0
style.css,155,css,6559f060,SelinaHhan,2025-10-24,17:10:04,-07:00,2025-10-24T17:10:04-07:00,0,0
style.css,156,css,6559f060,SelinaHhan,2025-10-24,17:10:04,-07:00,2025-10-24T17:10:04-07:00,0,19
style.css,157,css,6559f060,SelinaHhan,2025-10-24,17:10:04,-07:00,2025-10-24T17:10:04-07:00,0,19
style.css,158,css,6559f060,SelinaHhan,2025-10-24,17:10:04,-07:00,2025-10-24T17:10:04-07:00,1,12
style.css,159,css,6559f060,SelinaHhan,2025-10-24,17:10:04,-07:00,2025-10-24T17:10:04-07:00,1,9
style.css,160,css,6559f060,SelinaHhan,2025-10-24,17:10:04,-07:00,2025-10-24T17:10:04-07:00,0,0
style.css,161,css,6559f060,SelinaHhan,2025-10-24,17:10:04,-07:00,2025-10-24T17:10:04-07:00,0,0
style.css,162,css,6559f060,SelinaHhan,2025-10-24,17:10:04,-07:00,2025-10-24T17:10:04-07:00,0,22
style.css,163,css,6559f060,SelinaHhan,2025-10-24,17:10:04,-07:00,2025-10-24T17:10:04-07:00,0,13
style.css,164,css,6559f060,SelinaHhan,2025-10-24,17:10:04,-07:00,2025-10-24T17:10:04-07:00,1,10
style.css,165,css,6559f060,SelinaHhan,2025-10-24,17:10:04,-07:00,2025-10-24T17:10:04-07:00,1,19
style.css,166,css,6559f060,SelinaHhan,2025-10-24,17:10:04,-07:00,2025-10-24T17:10:04-07:00,1,16
style.css,167,css,6559f060,SelinaHhan,2025-10-24,17:10:04,-07:00,2025-10-24T17:10:04-07:00,1,13
style.css,168,css,6559f060,SelinaHhan,2025-10-24,17:10:04,-07:00,2025-10-24T17:10:04-07:00,0,0
style.css,169,css,a134937c,SelinaHhan,2025-10-30,12:08:31,-07:00,2025-10-30T12:08:31-07:00,0,0
style.css,170,css,a134937c,SelinaHhan,2025-10-30,12:08:31,-07:00,2025-10-30T12:08:31-07:00,0,47
style.css,171,css,a134937c,SelinaHhan,2025-10-30,12:08:31,-07:00,2025-10-30T12:08:31-07:00,0,0
style.css,172,css,a134937c,SelinaHhan,2025-10-30,12:08:31,-07:00,2025-10-30T12:08:31-07:00,0,23
style.css,173,css,a134937c,SelinaHhan,2025-10-30,12:08:31,-07:00,2025-10-30T12:08:31-07:00,0,14
style.css,174,css,a134937c,SelinaHhan,2025-10-30,12:08:31,-07:00,2025-10-30T12:08:31-07:00,1,12
style.css,175,css,a134937c,SelinaHhan,2025-10-30,12:08:31,-07:00,2025-10-30T12:08:31-07:00,1,22
style.css,176,css,a134937c,SelinaHhan,2025-10-30,12:08:31,-07:00,2025-10-30T12:08:31-07:00,1,7
style.css,177,css,a134937c,SelinaHhan,2025-10-30,12:08:31,-07:00,2025-10-30T12:08:31-07:00,1,16
style.css,178,css,a134937c,SelinaHhan,2025-10-30,12:08:31,-07:00,2025-10-30T12:08:31-07:00,1,13
style.css,179,css,a134937c,SelinaHhan,2025-10-30,12:08:31,-07:00,2025-10-30T12:08:31-07:00,1,21
style.css,180,css,a134937c,SelinaHhan,2025-10-30,12:08:31,-07:00,2025-10-30T12:08:31-07:00,1,17
style.css,181,css,a134937c,SelinaHhan,2025-10-30,12:08:31,-07:00,2025-10-30T12:08:31-07:00,0,0
style.css,182,css,a134937c,SelinaHhan,2025-10-30,12:08:31,-07:00,2025-10-30T12:08:31-07:00,0,0
style.css,183,css,a134937c,SelinaHhan,2025-10-30,12:08:31,-07:00,2025-10-30T12:08:31-07:00,0,24
style.css,184,css,a134937c,SelinaHhan,2025-10-30,12:08:31,-07:00,2025-10-30T12:08:31-07:00,0,18
style.css,185,css,a134937c,SelinaHhan,2025-10-30,12:08:31,-07:00,2025-10-30T12:08:31-07:00,1,14
style.css,186,css,a134937c,SelinaHhan,2025-10-30,12:08:31,-07:00,2025-10-30T12:08:31-07:00,1,16
style.css,187,css,a134937c,SelinaHhan,2025-10-30,12:08:31,-07:00,2025-10-30T12:08:31-07:00,0,0
style.css,188,css,a134937c,SelinaHhan,2025-10-30,12:08:31,-07:00,2025-10-30T12:08:31-07:00,0,0
style.css,189,css,a134937c,SelinaHhan,2025-10-30,12:08:31,-07:00,2025-10-30T12:08:31-07:00,0,23
style.css,190,css,a134937c,SelinaHhan,2025-10-30,12:08:31,-07:00,2025-10-30T12:08:31-07:00,1,14
style.css,191,css,a134937c,SelinaHhan,2025-10-30,12:08:31,-07:00,2025-10-30T12:08:31-07:00,1,16
style.css,192,css,a134937c,SelinaHhan,2025-10-30,12:08:31,-07:00,2025-10-30T12:08:31-07:00,0,0
style.css,193,css,a134937c,SelinaHhan,2025-10-30,12:08:31,-07:00,2025-10-30T12:08:31-07:00,0,0
style.css,194,css,a134937c,SelinaHhan,2025-10-30,12:08:31,-07:00,2025-10-30T12:08:31-07:00,0,51
style.css,195,css,a134937c,SelinaHhan,2025-10-30,12:08:31,-07:00,2025-10-30T12:08:31-07:00,1,11
style.css,196,css,a134937c,SelinaHhan,2025-10-30,12:08:31,-07:00,2025-10-30T12:08:31-07:00,0,0
style.css,197,css,a134937c,SelinaHhan,2025-10-30,12:08:31,-07:00,2025-10-30T12:08:31-07:00,0,0
style.css,198,css,a134937c,SelinaHhan,2025-10-30,12:08:31,-07:00,2025-10-30T12:08:31-07:00,0,13
style.css,199,css,68335682,SelinaHhan,2025-10-30,17:02:04,-07:00,2025-10-30T17:02:04-07:00,1,62
style.css,200,css,a134937c,SelinaHhan,2025-10-30,12:08:31,-07:00,2025-10-30T12:08:31-07:00,0,0
style.css,201,css,a134937c,SelinaHhan,2025-10-30,12:08:31,-07:00,2025-10-30T12:08:31-07:00,0,0
style.css,202,css,a134937c,SelinaHhan,2025-10-30,12:08:31,-07:00,2025-10-30T12:08:31-07:00,0,17
style.css,203,css,a134937c,SelinaHhan,2025-10-30,12:08:31,-07:00,2025-10-30T12:08:31-07:00,0,7
style.css,204,css,a134937c,SelinaHhan,2025-10-30,12:08:31,-07:00,2025-10-30T12:08:31-07:00,1,6
style.css,205,css,a134937c,SelinaHhan,2025-10-30,12:08:31,-07:00,2025-10-30T12:08:31-07:00,1,15
style.css,206,css,a134937c,SelinaHhan,2025-10-30,12:08:31,-07:00,2025-10-30T12:08:31-07:00,1,9
style.css,207,css,a134937c,SelinaHhan,2025-10-30,12:08:31,-07:00,2025-10-30T12:08:31-07:00,1,8
style.css,208,css,a134937c,SelinaHhan,2025-10-30,12:08:31,-07:00,2025-10-30T12:08:31-07:00,1,12
style.css,209,css,a134937c,SelinaHhan,2025-10-30,12:08:31,-07:00,2025-10-30T12:08:31-07:00,1,57
style.css,210,css,a134937c,SelinaHhan,2025-10-30,12:08:31,-07:00,2025-10-30T12:08:31-07:00,1,7
style.css,211,css,a134937c,SelinaHhan,2025-10-30,12:08:31,-07:00,2025-10-30T12:08:31-07:00,0,0
style.css,212,css,a134937c,SelinaHhan,2025-10-30,12:08:31,-07:00,2025-10-30T12:08:31-07:00,0,0
style.css,213,css,a134937c,SelinaHhan,2025-10-30,12:08:31,-07:00,2025-10-30T12:08:31-07:00,0,12
style.css,214,css,a134937c,SelinaHhan,2025-10-30,12:08:31,-07:00,2025-10-30T12:08:31-07:00,1,12
style.css,215,css,a134937c,SelinaHhan,2025-10-30,12:08:31,-07:00,2025-10-30T12:08:31-07:00,1,18
style.css,216,css,a134937c,SelinaHhan,2025-10-30,12:08:31,-07:00,2025-10-30T12:08:31-07:00,1,9
style.css,217,css,a134937c,SelinaHhan,2025-10-30,12:08:31,-07:00,2025-10-30T12:08:31-07:00,1,14
style.css,218,css,a134937c,SelinaHhan,2025-10-30,12:08:31,-07:00,2025-10-30T12:08:31-07:00,1,13
style.css,219,css,a134937c,SelinaHhan,2025-10-30,12:08:31,-07:00,2025-10-30T12:08:31-07:00,1,17
style.css,220,css,a134937c,SelinaHhan,2025-10-30,12:08:31,-07:00,2025-10-30T12:08:31-07:00,1,33
style.css,221,css,a134937c,SelinaHhan,2025-10-30,12:08:31,-07:00,2025-10-30T12:08:31-07:00,0,0
style.css,222,css,a134937c,SelinaHhan,2025-10-30,12:08:31,-07:00,2025-10-30T12:08:31-07:00,0,0
style.css,223,css,a134937c,SelinaHhan,2025-10-30,12:08:31,-07:00,2025-10-30T12:08:31-07:00,0,18
style.css,224,css,a134937c,SelinaHhan,2025-10-30,12:08:31,-07:00,2025-10-30T12:08:31-07:00,1,36
style.css,225,css,a134937c,SelinaHhan,2025-10-30,12:08:31,-07:00,2025-10-30T12:08:31-07:00,0,0
style.css,226,css,a134937c,SelinaHhan,2025-10-30,12:08:31,-07:00,2025-10-30T12:08:31-07:00,0,0
style.css,227,css,a134937c,SelinaHhan,2025-10-30,12:08:31,-07:00,2025-10-30T12:08:31-07:00,0,21
style.css,228,css,a134937c,SelinaHhan,2025-10-30,12:08:31,-07:00,2025-10-30T12:08:31-07:00,1,35
style.css,229,css,a134937c,SelinaHhan,2025-10-30,12:08:31,-07:00,2025-10-30T12:08:31-07:00,0,0
style.css,230,css,a134937c,SelinaHhan,2025-10-30,12:08:31,-07:00,2025-10-30T12:08:31-07:00,0,0
style.css,231,css,a134937c,SelinaHhan,2025-10-30,12:08:31,-07:00,2025-10-30T12:08:31-07:00,0,7
style.css,232,css,a134937c,SelinaHhan,2025-10-30,12:08:31,-07:00,2025-10-30T12:08:31-07:00,1,20
style.css,233,css,a134937c,SelinaHhan,2025-10-30,12:08:31,-07:00,2025-10-30T12:08:31-07:00,1,9
style.css,234,css,a134937c,SelinaHhan,2025-10-30,12:08:31,-07:00,2025-10-30T12:08:31-07:00,1,10
style.css,235,css,a134937c,SelinaHhan,2025-10-30,12:08:31,-07:00,2025-10-30T12:08:31-07:00,1,29
style.css,236,css,a134937c,SelinaHhan,2025-10-30,12:08:31,-07:00,2025-10-30T12:08:31-07:00,1,17
style.css,237,css,a134937c,SelinaHhan,2025-10-30,12:08:31,-07:00,2025-10-30T12:08:31-07:00,0,0
style.css,238,css,a134937c,SelinaHhan,2025-10-30,12:08:31,-07:00,2025-10-30T12:08:31-07:00,0,0
style.css,239,css,a134937c,SelinaHhan,2025-10-30,12:08:31,-07:00,2025-10-30T12:08:31-07:00,0,21
style.css,240,css,a134937c,SelinaHhan,2025-10-30,12:08:31,-07:00,2025-10-30T12:08:31-07:00,0,10
style.css,241,css,a134937c,SelinaHhan,2025-10-30,12:08:31,-07:00,2025-10-30T12:08:31-07:00,1,10
style.css,242,css,a134937c,SelinaHhan,2025-10-30,12:08:31,-07:00,2025-10-30T12:08:31-07:00,1,14
style.css,243,css,a134937c,SelinaHhan,2025-10-30,12:08:31,-07:00,2025-10-30T12:08:31-07:00,1,18
style.css,244,css,a134937c,SelinaHhan,2025-10-30,12:08:31,-07:00,2025-10-30T12:08:31-07:00,1,14
style.css,245,css,a134937c,SelinaHhan,2025-10-30,12:08:31,-07:00,2025-10-30T12:08:31-07:00,1,21
style.css,246,css,a134937c,SelinaHhan,2025-10-30,12:08:31,-07:00,2025-10-30T12:08:31-07:00,1,17
style.css,247,css,a134937c,SelinaHhan,2025-10-30,12:08:31,-07:00,2025-10-30T12:08:31-07:00,1,16
style.css,248,css,a134937c,SelinaHhan,2025-10-30,12:08:31,-07:00,2025-10-30T12:08:31-07:00,1,29
style.css,249,css,a134937c,SelinaHhan,2025-10-30,12:08:31,-07:00,2025-10-30T12:08:31-07:00,0,0
style.css,250,css,a134937c,SelinaHhan,2025-10-30,12:08:31,-07:00,2025-10-30T12:08:31-07:00,0,0
style.css,251,css,a134937c,SelinaHhan,2025-10-30,12:08:31,-07:00,2025-10-30T12:08:31-07:00,0,16
style.css,252,css,a134937c,SelinaHhan,2025-10-30,12:08:31,-07:00,2025-10-30T12:08:31-07:00,1,12
style.css,253,css,a134937c,SelinaHhan,2025-10-30,12:08:31,-07:00,2025-10-30T12:08:31-07:00,1,20
style.css,254,css,a134937c,SelinaHhan,2025-10-30,12:08:31,-07:00,2025-10-30T12:08:31-07:00,0,0
style.css,255,css,a134937c,SelinaHhan,2025-10-30,12:08:31,-07:00,2025-10-30T12:08:31-07:00,0,0
style.css,256,css,a134937c,SelinaHhan,2025-10-30,12:08:31,-07:00,2025-10-30T12:08:31-07:00,0,23
style.css,257,css,a134937c,SelinaHhan,2025-10-30,12:08:31,-07:00,2025-10-30T12:08:31-07:00,1,10
style.css,258,css,a134937c,SelinaHhan,2025-10-30,12:08:31,-07:00,2025-10-30T12:08:31-07:00,0,0
style.css,259,css,a134937c,SelinaHhan,2025-10-30,12:08:31,-07:00,2025-10-30T12:08:31-07:00,0,0
style.css,260,css,a134937c,SelinaHhan,2025-10-30,12:08:31,-07:00,2025-10-30T12:08:31-07:00,0,22
style.css,261,css,a134937c,SelinaHhan,2025-10-30,12:08:31,-07:00,2025-10-30T12:08:31-07:00,0,9
style.css,262,css,a134937c,SelinaHhan,2025-10-30,12:08:31,-07:00,2025-10-30T12:08:31-07:00,1,12
style.css,263,css,a134937c,SelinaHhan,2025-10-30,12:08:31,-07:00,2025-10-30T12:08:31-07:00,1,59
style.css,264,css,a134937c,SelinaHhan,2025-10-30,12:08:31,-07:00,2025-10-30T12:08:31-07:00,1,7
style.css,265,css,a134937c,SelinaHhan,2025-10-30,12:08:31,-07:00,2025-10-30T12:08:31-07:00,1,16
style.css,266,css,a134937c,SelinaHhan,2025-10-30,12:08:31,-07:00,2025-10-30T12:08:31-07:00,0,0
style.css,267,css,a134937c,SelinaHhan,2025-10-30,12:08:31,-07:00,2025-10-30T12:08:31-07:00,0,0
style.css,268,css,a134937c,SelinaHhan,2025-10-30,12:08:31,-07:00,2025-10-30T12:08:31-07:00,0,17
style.css,269,css,a134937c,SelinaHhan,2025-10-30,12:08:31,-07:00,2025-10-30T12:08:31-07:00,1,21
style.css,270,css,a134937c,SelinaHhan,2025-10-30,12:08:31,-07:00,2025-10-30T12:08:31-07:00,1,13
style.css,271,css,a134937c,SelinaHhan,2025-10-30,12:08:31,-07:00,2025-10-30T12:08:31-07:00,1,17
style.css,272,css,a134937c,SelinaHhan,2025-10-30,12:08:31,-07:00,2025-10-30T12:08:31-07:00,1,44
style.css,273,css,a134937c,SelinaHhan,2025-10-30,12:08:31,-07:00,2025-10-30T12:08:31-07:00,0,0
style.css,274,css,a134937c,SelinaHhan,2025-10-30,12:08:31,-07:00,2025-10-30T12:08:31-07:00,0,0
style.css,275,css,a134937c,SelinaHhan,2025-10-30,12:08:31,-07:00,2025-10-30T12:08:31-07:00,0,23
style.css,276,css,a134937c,SelinaHhan,2025-10-30,12:08:31,-07:00,2025-10-30T12:08:31-07:00,1,26
style.css,277,css,a134937c,SelinaHhan,2025-10-30,12:08:31,-07:00,2025-10-30T12:08:31-07:00,1,41
style.css,278,css,a134937c,SelinaHhan,2025-10-30,12:08:31,-07:00,2025-10-30T12:08:31-07:00,0,0
style.css,279,css,a134937c,SelinaHhan,2025-10-30,12:08:31,-07:00,2025-10-30T12:08:31-07:00,0,0
style.css,280,css,a134937c,SelinaHhan,2025-10-30,12:08:31,-07:00,2025-10-30T12:08:31-07:00,0,20
style.css,281,css,a134937c,SelinaHhan,2025-10-30,12:08:31,-07:00,2025-10-30T12:08:31-07:00,1,12
style.css,282,css,a134937c,SelinaHhan,2025-10-30,12:08:31,-07:00,2025-10-30T12:08:31-07:00,1,17
style.css,283,css,a134937c,SelinaHhan,2025-10-30,12:08:31,-07:00,2025-10-30T12:08:31-07:00,0,0
style.css,284,css,a134937c,SelinaHhan,2025-10-30,12:08:31,-07:00,2025-10-30T12:08:31-07:00,0,0
style.css,285,css,a134937c,SelinaHhan,2025-10-30,12:08:31,-07:00,2025-10-30T12:08:31-07:00,0,21
style.css,286,css,a134937c,SelinaHhan,2025-10-30,12:08:31,-07:00,2025-10-30T12:08:31-07:00,1,10
style.css,287,css,a134937c,SelinaHhan,2025-10-30,12:08:31,-07:00,2025-10-30T12:08:31-07:00,1,11
style.css,288,css,a134937c,SelinaHhan,2025-10-30,12:08:31,-07:00,2025-10-30T12:08:31-07:00,1,17
style.css,289,css,a134937c,SelinaHhan,2025-10-30,12:08:31,-07:00,2025-10-30T12:08:31-07:00,1,16
style.css,290,css,a134937c,SelinaHhan,2025-10-30,12:08:31,-07:00,2025-10-30T12:08:31-07:00,0,0
style.css,291,css,a134937c,SelinaHhan,2025-10-30,12:08:31,-07:00,2025-10-30T12:08:31-07:00,0,0
style.css,292,css,a134937c,SelinaHhan,2025-10-30,12:08:31,-07:00,2025-10-30T12:08:31-07:00,0,19
style.css,293,css,a134937c,SelinaHhan,2025-10-30,12:08:31,-07:00,2025-10-30T12:08:31-07:00,1,19
style.css,294,css,a134937c,SelinaHhan,2025-10-30,12:08:31,-07:00,2025-10-30T12:08:31-07:00,1,10
style.css,295,css,a134937c,SelinaHhan,2025-10-30,12:08:31,-07:00,2025-10-30T12:08:31-07:00,0,0
style.css,296,css,a134937c,SelinaHhan,2025-10-30,12:08:31,-07:00,2025-10-30T12:08:31-07:00,0,0
style.css,297,css,a134937c,SelinaHhan,2025-10-30,12:08:31,-07:00,2025-10-30T12:08:31-07:00,0,16
style.css,298,css,a134937c,SelinaHhan,2025-10-30,12:08:31,-07:00,2025-10-30T12:08:31-07:00,0,23
style.css,299,css,a134937c,SelinaHhan,2025-10-30,12:08:31,-07:00,2025-10-30T12:08:31-07:00,1,39
style.css,300,css,a134937c,SelinaHhan,2025-10-30,12:08:31,-07:00,2025-10-30T12:08:31-07:00,1,34
style.css,301,css,a134937c,SelinaHhan,2025-10-30,12:08:31,-07:00,2025-10-30T12:08:31-07:00,1,10
style.css,302,css,a134937c,SelinaHhan,2025-10-30,12:08:31,-07:00,2025-10-30T12:08:31-07:00,1,17
style.css,303,css,a134937c,SelinaHhan,2025-10-30,12:08:31,-07:00,2025-10-30T12:08:31-07:00,1,16
style.css,304,css,a134937c,SelinaHhan,2025-10-30,12:08:31,-07:00,2025-10-30T12:08:31-07:00,0,0
index.js,1,js,71bc7d25,SelinaHhan,2025-10-24,17:40:56,-07:00,2025-10-24T17:40:56-07:00,0,54
index.js,2,js,6559f060,SelinaHhan,2025-10-24,17:10:04,-07:00,2025-10-24T17:10:04-07:00,0,0
index.js,3,js,6559f060,SelinaHhan,2025-10-24,17:10:04,-07:00,2025-10-24T17:10:04-07:00,0,21
index.js,4,js,6559f060,SelinaHhan,2025-10-24,17:10:04,-07:00,2025-10-24T17:10:04-07:00,1,52
index.js,5,js,6559f060,SelinaHhan,2025-10-24,17:10:04,-07:00,2025-10-24T17:10:04-07:00,1,14
index.js,6,js,6559f060,SelinaHhan,2025-10-24,17:10:04,-07:00,2025-10-24T17:10:04-07:00,0,0
index.js,7,js,71bc7d25,SelinaHhan,2025-10-24,17:40:56,-07:00,2025-10-24T17:40:56-07:00,1,52
index.js,8,js,6559f060,SelinaHhan,2025-10-24,17:10:04,-07:00,2025-10-24T17:10:04-07:00,1,35
index.js,9,js,6559f060,SelinaHhan,2025-10-24,17:10:04,-07:00,2025-10-24T17:10:04-07:00,0,0
index.js,10,js,6559f060,SelinaHhan,2025-10-24,17:10:04,-07:00,2025-10-24T17:10:04-07:00,1,39
index.js,11,js,6559f060,SelinaHhan,2025-10-24,17:10:04,-07:00,2025-10-24T17:10:04-07:00,0,0
index.js,12,js,6559f060,SelinaHhan,2025-10-24,17:10:04,-07:00,2025-10-24T17:10:04-07:00,0,5
index.js,13,js,6559f060,SelinaHhan,2025-10-24,17:10:04,-07:00,2025-10-24T17:10:04-07:00,0,0
index.js,14,js,6559f060,SelinaHhan,2025-10-24,17:10:04,-07:00,2025-10-24T17:10:04-07:00,0,28
index.js,15,js,6559f060,SelinaHhan,2025-10-24,17:10:04,-07:00,2025-10-24T17:10:04-07:00,2,51
index.js,16,js,6559f060,SelinaHhan,2025-10-24,17:10:04,-07:00,2025-10-24T17:10:04-07:00,2,15
index.js,17,js,6559f060,SelinaHhan,2025-10-24,17:10:04,-07:00,2025-10-24T17:10:04-07:00,1,0
index.js,18,js,6559f060,SelinaHhan,2025-10-24,17:10:04,-07:00,2025-10-24T17:10:04-07:00,2,65
index.js,19,js,6559f060,SelinaHhan,2025-10-24,17:10:04,-07:00,2025-10-24T17:10:04-07:00,2,28
index.js,20,js,6559f060,SelinaHhan,2025-10-24,17:10:04,-07:00,2025-10-24T17:10:04-07:00,1,0
index.js,21,js,6559f060,SelinaHhan,2025-10-24,17:10:04,-07:00,2025-10-24T17:10:04-07:00,2,15
index.js,22,js,6559f060,SelinaHhan,2025-10-24,17:10:04,-07:00,2025-10-24T17:10:04-07:00,3,2
index.js,23,js,6559f060,SelinaHhan,2025-10-24,17:10:04,-07:00,2025-10-24T17:10:04-07:00,4,49
index.js,24,js,6559f060,SelinaHhan,2025-10-24,17:10:04,-07:00,2025-10-24T17:10:04-07:00,4,49
index.js,25,js,6559f060,SelinaHhan,2025-10-24,17:10:04,-07:00,2025-10-24T17:10:04-07:00,4,43
index.js,26,js,6559f060,SelinaHhan,2025-10-24,17:10:04,-07:00,2025-10-24T17:10:04-07:00,4,43
index.js,27,js,6559f060,SelinaHhan,2025-10-24,17:10:04,-07:00,2025-10-24T17:10:04-07:00,3,3
index.js,28,js,6559f060,SelinaHhan,2025-10-24,17:10:04,-07:00,2025-10-24T17:10:04-07:00,2,0
index.js,29,js,6559f060,SelinaHhan,2025-10-24,17:10:04,-07:00,2025-10-24T17:10:04-07:00,1,0
index.js,30,js,6559f060,SelinaHhan,2025-10-24,17:10:04,-07:00,2025-10-24T17:10:04-07:00,1,12
index.html,1,html,4107cae8,SelinaHhan,2025-09-30,12:04:04,-07:00,2025-09-30T12:04:04-07:00,0,13
index.html,2,html,4107cae8,SelinaHhan,2025-09-30,12:04:04,-07:00,2025-09-30T12:04:04-07:00,0,14
index.html,3,html,4107cae8,SelinaHhan,2025-09-30,12:04:04,-07:00,2025-09-30T12:04:04-07:00,0,4
index.html,4,html,4107cae8,SelinaHhan,2025-09-30,12:04:04,-07:00,2025-09-30T12:04:04-07:00,2,20
index.html,5,html,4107cae8,SelinaHhan,2025-09-30,12:04:04,-07:00,2025-09-30T12:04:04-07:00,2,68
index.html,6,html,4107cae8,SelinaHhan,2025-09-30,12:04:04,-07:00,2025-09-30T12:04:04-07:00,2,52
index.html,7,html,82318a04,SelinaHhan,2025-10-01,18:52:46,-07:00,2025-10-01T18:52:46-07:00,2,38
index.html,8,html,4107cae8,SelinaHhan,2025-09-30,12:04:04,-07:00,2025-09-30T12:04:04-07:00,0,5
index.html,9,html,4107cae8,SelinaHhan,2025-09-30,12:04:04,-07:00,2025-09-30T12:04:04-07:00,0,4
index.html,10,html,944b1d66,SelinaHhan,2025-10-01,21:51:11,-07:00,2025-10-01T21:51:11-07:00,2,3
index.html,11,html,71c19a5e,SelinaHhan,2025-10-17,16:34:50,-07:00,2025-10-17T16:34:50-07:00,4,27
index.html,12,html,944b1d66,SelinaHhan,2025-10-01,21:51:11,-07:00,2025-10-01T21:51:11-07:00,4,40
index.html,13,html,944b1d66,SelinaHhan,2025-10-01,21:51:11,-07:00,2025-10-01T21:51:11-07:00,4,38
index.html,14,html,944b1d66,SelinaHhan,2025-10-01,21:51:11,-07:00,2025-10-01T21:51:11-07:00,4,80
index.html,15,html,528aec4c,SelinaHhan,2025-10-02,20:11:51,-07:00,2025-10-02T20:11:51-07:00,4,36
index.html,16,html,944b1d66,SelinaHhan,2025-10-01,21:51:11,-07:00,2025-10-01T21:51:11-07:00,2,4
index.html,17,html,944b1d66,SelinaHhan,2025-10-01,21:51:11,-07:00,2025-10-01T21:51:11-07:00,2,0
index.html,18,html,4107cae8,SelinaHhan,2025-09-30,12:04:04,-07:00,2025-09-30T12:04:04-07:00,2,17
index.html,19,html,55e179ca,SelinaHhan,2025-10-10,10:33:15,-07:00,2025-10-10T10:33:15-07:00,2,59
index.html,20,html,a6c260d6,SelinaHhan,2025-10-02,20:42:32,-07:00,2025-10-02T20:42:32-07:00,2,59
index.html,21,html,6559f060,SelinaHhan,2025-10-24,17:10:04,-07:00,2025-10-24T17:10:04-07:00,0,0
index.html,22,html,6559f060,SelinaHhan,2025-10-24,17:10:04,-07:00,2025-10-24T17:10:04-07:00,2,22
index.html,23,html,6559f060,SelinaHhan,2025-10-24,17:10:04,-07:00,2025-10-24T17:10:04-07:00,2,30
index.html,24,html,6559f060,SelinaHhan,2025-10-24,17:10:04,-07:00,2025-10-24T17:10:04-07:00,2,0
index.html,25,html,6559f060,SelinaHhan,2025-10-24,17:10:04,-07:00,2025-10-24T17:10:04-07:00,2,13
index.html,26,html,6559f060,SelinaHhan,2025-10-24,17:10:04,-07:00,2025-10-24T17:10:04-07:00,2,28
index.html,27,html,6559f060,SelinaHhan,2025-10-24,17:10:04,-07:00,2025-10-24T17:10:04-07:00,0,0
index.html,28,html,71bc7d25,SelinaHhan,2025-10-24,17:40:56,-07:00,2025-10-24T17:40:56-07:00,2,45
index.html,29,html,71bc7d25,SelinaHhan,2025-10-24,17:40:56,-07:00,2025-10-24T17:40:56-07:00,2,44
index.html,30,html,4107cae8,SelinaHhan,2025-09-30,12:04:04,-07:00,2025-09-30T12:04:04-07:00,0,5
index.html,31,html,dc815da7,SelinaHhan,2025-10-01,18:47:33,-07:00,2025-10-01T18:47:33-07:00,0,5
global.js,1,js,6559f060,SelinaHhan,2025-10-24,17:10:04,-07:00,2025-10-24T17:10:04-07:00,0,36
global.js,2,js,6559f060,SelinaHhan,2025-10-24,17:10:04,-07:00,2025-10-24T17:10:04-07:00,1,3
global.js,3,js,6559f060,SelinaHhan,2025-10-24,17:10:04,-07:00,2025-10-24T17:10:04-07:00,2,39
global.js,4,js,6559f060,SelinaHhan,2025-10-24,17:10:04,-07:00,2025-10-24T17:10:04-07:00,2,32
global.js,5,js,6559f060,SelinaHhan,2025-10-24,17:10:04,-07:00,2025-10-24T17:10:04-07:00,2,17
global.js,6,js,6559f060,SelinaHhan,2025-10-24,17:10:04,-07:00,2025-10-24T17:10:04-07:00,3,66
global.js,7,js,6559f060,SelinaHhan,2025-10-24,17:10:04,-07:00,2025-10-24T17:10:04-07:00,2,0
global.js,8,js,6559f060,SelinaHhan,2025-10-24,17:10:04,-07:00,2025-10-24T17:10:04-07:00,2,33
global.js,9,js,6559f060,SelinaHhan,2025-10-24,17:10:04,-07:00,2025-10-24T17:10:04-07:00,2,10
global.js,10,js,6559f060,SelinaHhan,2025-10-24,17:10:04,-07:00,2025-10-24T17:10:04-07:00,1,15
global.js,11,js,6559f060,SelinaHhan,2025-10-24,17:10:04,-07:00,2025-10-24T17:10:04-07:00,2,59
global.js,12,js,6559f060,SelinaHhan,2025-10-24,17:10:04,-07:00,2025-10-24T17:10:04-07:00,1,0
global.js,13,js,6559f060,SelinaHhan,2025-10-24,17:10:04,-07:00,2025-10-24T17:10:04-07:00,0,0
global.js,14,js,a134937c,SelinaHhan,2025-10-30,12:08:31,-07:00,2025-10-30T12:08:31-07:00,0,0
global.js,15,js,6559f060,SelinaHhan,2025-10-24,17:10:04,-07:00,2025-10-24T17:10:04-07:00,0,51
global.js,16,js,6559f060,SelinaHhan,2025-10-24,17:10:04,-07:00,2025-10-24T17:10:04-07:00,1,23
global.js,17,js,6559f060,SelinaHhan,2025-10-24,17:10:04,-07:00,2025-10-24T17:10:04-07:00,1,21
global.js,18,js,6559f060,SelinaHhan,2025-10-24,17:10:04,-07:00,2025-10-24T17:10:04-07:00,2,48
global.js,19,js,6559f060,SelinaHhan,2025-10-24,17:10:04,-07:00,2025-10-24T17:10:04-07:00,0,0
global.js,20,js,6559f060,SelinaHhan,2025-10-24,17:10:04,-07:00,2025-10-24T17:10:04-07:00,2,38
global.js,21,js,6559f060,SelinaHhan,2025-10-24,17:10:04,-07:00,2025-10-24T17:10:04-07:00,2,23
global.js,22,js,6559f060,SelinaHhan,2025-10-24,17:10:04,-07:00,2025-10-24T17:10:04-07:00,2,22
global.js,23,js,6559f060,SelinaHhan,2025-10-24,17:10:04,-07:00,2025-10-24T17:10:04-07:00,0,0
global.js,24,js,6559f060,SelinaHhan,2025-10-24,17:10:04,-07:00,2025-10-24T17:10:04-07:00,2,12
global.js,25,js,6559f060,SelinaHhan,2025-10-24,17:10:04,-07:00,2025-10-24T17:10:04-07:00,3,40
global.js,26,js,6559f060,SelinaHhan,2025-10-24,17:10:04,-07:00,2025-10-24T17:10:04-07:00,3,16
global.js,27,js,a134937c,SelinaHhan,2025-10-30,12:08:31,-07:00,2025-10-30T12:08:31-07:00,3,35
global.js,28,js,6559f060,SelinaHhan,2025-10-24,17:10:04,-07:00,2025-10-24T17:10:04-07:00,3,23
global.js,29,js,6559f060,SelinaHhan,2025-10-24,17:10:04,-07:00,2025-10-24T17:10:04-07:00,2,0
global.js,30,js,6559f060,SelinaHhan,2025-10-24,17:10:04,-07:00,2025-10-24T17:10:04-07:00,0,0
global.js,31,js,6559f060,SelinaHhan,2025-10-24,17:10:04,-07:00,2025-10-24T17:10:04-07:00,2,39
global.js,32,js,6559f060,SelinaHhan,2025-10-24,17:10:04,-07:00,2025-10-24T17:10:04-07:00,2,37
global.js,33,js,6559f060,SelinaHhan,2025-10-24,17:10:04,-07:00,2025-10-24T17:10:04-07:00,2,24
global.js,34,js,6559f060,SelinaHhan,2025-10-24,17:10:04,-07:00,2025-10-24T17:10:04-07:00,0,0
global.js,35,js,a134937c,SelinaHhan,2025-10-30,12:08:31,-07:00,2025-10-30T12:08:31-07:00,2,17
global.js,36,js,a134937c,SelinaHhan,2025-10-30,12:08:31,-07:00,2025-10-30T12:08:31-07:00,2,11
global.js,37,js,a134937c,SelinaHhan,2025-10-30,12:08:31,-07:00,2025-10-30T12:08:31-07:00,3,39
global.js,38,js,a134937c,SelinaHhan,2025-10-30,12:08:31,-07:00,2025-10-30T12:08:31-07:00,3,22
global.js,39,js,a134937c,SelinaHhan,2025-10-30,12:08:31,-07:00,2025-10-30T12:08:31-07:00,3,24
global.js,40,js,a134937c,SelinaHhan,2025-10-30,12:08:31,-07:00,2025-10-30T12:08:31-07:00,3,24
global.js,41,js,a134937c,SelinaHhan,2025-10-30,12:08:31,-07:00,2025-10-30T12:08:31-07:00,2,0
global.js,42,js,a134937c,SelinaHhan,2025-10-30,12:08:31,-07:00,2025-10-30T12:08:31-07:00,0,0
global.js,43,js,6559f060,SelinaHhan,2025-10-24,17:10:04,-07:00,2025-10-24T17:10:04-07:00,2,29
global.js,44,js,6559f060,SelinaHhan,2025-10-24,17:10:04,-07:00,2025-10-24T17:10:04-07:00,1,1
global.js,45,js,6559f060,SelinaHhan,2025-10-24,17:10:04,-07:00,2025-10-24T17:10:04-07:00,0,0
global.js,46,js,6559f060,SelinaHhan,2025-10-24,17:10:04,-07:00,2025-10-24T17:10:04-07:00,0,0
global.js,47,js,71c19a5e,SelinaHhan,2025-10-17,16:34:50,-07:00,2025-10-17T16:34:50-07:00,0,25
global.js,48,js,71c19a5e,SelinaHhan,2025-10-17,16:34:50,-07:00,2025-10-17T16:34:50-07:00,0,0
global.js,49,js,71c19a5e,SelinaHhan,2025-10-17,16:34:50,-07:00,2025-10-17T16:34:50-07:00,0,41
global.js,50,js,71c19a5e,SelinaHhan,2025-10-17,16:34:50,-07:00,2025-10-17T16:34:50-07:00,1,52
global.js,51,js,71c19a5e,SelinaHhan,2025-10-17,16:34:50,-07:00,2025-10-17T16:34:50-07:00,0,0
global.js,52,js,71c19a5e,SelinaHhan,2025-10-17,16:34:50,-07:00,2025-10-17T16:34:50-07:00,0,0
global.js,53,js,11a3df1c,SelinaHhan,2025-10-30,11:26:41,-07:00,2025-10-30T11:26:41-07:00,0,0
global.js,54,js,d2b33c5d,SelinaHhan,2025-10-30,11:42:32,-07:00,2025-10-30T11:42:32-07:00,0,60
global.js,55,js,d2b33c5d,SelinaHhan,2025-10-30,11:42:32,-07:00,2025-10-30T11:42:32-07:00,0,49
global.js,56,js,d2b33c5d,SelinaHhan,2025-10-30,11:42:32,-07:00,2025-10-30T11:42:32-07:00,0,0
global.js,57,js,71c19a5e,SelinaHhan,2025-10-17,16:34:50,-07:00,2025-10-17T16:34:50-07:00,0,17
global.js,58,js,d2b33c5d,SelinaHhan,2025-10-30,11:42:32,-07:00,2025-10-30T11:42:32-07:00,2,51
global.js,59,js,d2b33c5d,SelinaHhan,2025-10-30,11:42:32,-07:00,2025-10-30T11:42:32-07:00,2,51
global.js,60,js,d2b33c5d,SelinaHhan,2025-10-30,11:42:32,-07:00,2025-10-30T11:42:32-07:00,2,51
global.js,61,js,d2b33c5d,SelinaHhan,2025-10-30,11:42:32,-07:00,2025-10-30T11:42:32-07:00,2,74
global.js,62,js,d2b33c5d,SelinaHhan,2025-10-30,11:42:32,-07:00,2025-10-30T11:42:32-07:00,2,51
global.js,63,js,078bb96d,SelinaHhan,2025-10-30,11:33:17,-07:00,2025-10-30T11:33:17-07:00,0,0
global.js,64,js,71c19a5e,SelinaHhan,2025-10-17,16:34:50,-07:00,2025-10-17T16:34:50-07:00,1,0
global.js,65,js,11a3df1c,SelinaHhan,2025-10-30,11:26:41,-07:00,2025-10-30T11:26:41-07:00,0,25
global.js,66,js,71c19a5e,SelinaHhan,2025-10-17,16:34:50,-07:00,2025-10-17T16:34:50-07:00,0,0
global.js,67,js,11a3df1c,SelinaHhan,2025-10-30,11:26:41,-07:00,2025-10-30T11:26:41-07:00,1,62
global.js,68,js,71c19a5e,SelinaHhan,2025-10-17,16:34:50,-07:00,2025-10-17T16:34:50-07:00,1,0
global.js,69,js,71c19a5e,SelinaHhan,2025-10-17,16:34:50,-07:00,2025-10-17T16:34:50-07:00,1,0
global.js,70,js,71c19a5e,SelinaHhan,2025-10-17,16:34:50,-07:00,2025-10-17T16:34:50-07:00,1,40
global.js,71,js,71c19a5e,SelinaHhan,2025-10-17,16:34:50,-07:00,2025-10-17T16:34:50-07:00,1,8
global.js,72,js,71c19a5e,SelinaHhan,2025-10-17,16:34:50,-07:00,2025-10-17T16:34:50-07:00,2,17
global.js,73,js,71c19a5e,SelinaHhan,2025-10-17,16:34:50,-07:00,2025-10-17T16:34:50-07:00,1,0
global.js,74,js,71c19a5e,SelinaHhan,2025-10-17,16:34:50,-07:00,2025-10-17T16:34:50-07:00,2,25
global.js,75,js,71c19a5e,SelinaHhan,2025-10-17,16:34:50,-07:00,2025-10-17T16:34:50-07:00,3,36
global.js,76,js,71c19a5e,SelinaHhan,2025-10-17,16:34:50,-07:00,2025-10-17T16:34:50-07:00,3,25
global.js,77,js,71c19a5e,SelinaHhan,2025-10-17,16:34:50,-07:00,2025-10-17T16:34:50-07:00,3,17
global.js,78,js,71c19a5e,SelinaHhan,2025-10-17,16:34:50,-07:00,2025-10-17T16:34:50-07:00,1,0
global.js,79,js,71c19a5e,SelinaHhan,2025-10-17,16:34:50,-07:00,2025-10-17T16:34:50-07:00,2,0
global.js,80,js,71c19a5e,SelinaHhan,2025-10-17,16:34:50,-07:00,2025-10-17T16:34:50-07:00,3,18
global.js,81,js,71c19a5e,SelinaHhan,2025-10-17,16:34:50,-07:00,2025-10-17T16:34:50-07:00,4,18
global.js,82,js,71c19a5e,SelinaHhan,2025-10-17,16:34:50,-07:00,2025-10-17T16:34:50-07:00,4,28
global.js,83,js,71c19a5e,SelinaHhan,2025-10-17,16:34:50,-07:00,2025-10-17T16:34:50-07:00,3,0
global.js,84,js,71c19a5e,SelinaHhan,2025-10-17,16:34:50,-07:00,2025-10-17T16:34:50-07:00,1,0
global.js,85,js,71c19a5e,SelinaHhan,2025-10-17,16:34:50,-07:00,2025-10-17T16:34:50-07:00,3,47
global.js,86,js,71c19a5e,SelinaHhan,2025-10-17,16:34:50,-07:00,2025-10-17T16:34:50-07:00,3,46
global.js,87,js,71c19a5e,SelinaHhan,2025-10-17,16:34:50,-07:00,2025-10-17T16:34:50-07:00,3,84
global.js,88,js,71c19a5e,SelinaHhan,2025-10-17,16:34:50,-07:00,2025-10-17T16:34:50-07:00,3,25
global.js,89,js,71c19a5e,SelinaHhan,2025-10-17,16:34:50,-07:00,2025-10-17T16:34:50-07:00,4,25
global.js,90,js,71c19a5e,SelinaHhan,2025-10-17,16:34:50,-07:00,2025-10-17T16:34:50-07:00,4,37
global.js,91,js,71c19a5e,SelinaHhan,2025-10-17,16:34:50,-07:00,2025-10-17T16:34:50-07:00,3,0
global.js,92,js,71c19a5e,SelinaHhan,2025-10-17,16:34:50,-07:00,2025-10-17T16:34:50-07:00,1,0
global.js,93,js,71c19a5e,SelinaHhan,2025-10-17,16:34:50,-07:00,2025-10-17T16:34:50-07:00,3,17
global.js,94,js,71c19a5e,SelinaHhan,2025-10-17,16:34:50,-07:00,2025-10-17T16:34:50-07:00,0,0
global.js,95,js,71c19a5e,SelinaHhan,2025-10-17,16:34:50,-07:00,2025-10-17T16:34:50-07:00,3,44
global.js,96,js,71c19a5e,SelinaHhan,2025-10-17,16:34:50,-07:00,2025-10-17T16:34:50-07:00,2,1
global.js,97,js,71c19a5e,SelinaHhan,2025-10-17,16:34:50,-07:00,2025-10-17T16:34:50-07:00,1,0
global.js,98,js,71c19a5e,SelinaHhan,2025-10-17,16:34:50,-07:00,2025-10-17T16:34:50-07:00,0,31
global.js,99,js,71c19a5e,SelinaHhan,2025-10-17,16:34:50,-07:00,2025-10-17T16:34:50-07:00,1,11
global.js,100,js,71c19a5e,SelinaHhan,2025-10-17,16:34:50,-07:00,2025-10-17T16:34:50-07:00,1,0
global.js,101,js,71c19a5e,SelinaHhan,2025-10-17,16:34:50,-07:00,2025-10-17T16:34:50-07:00,1,46
global.js,102,js,71c19a5e,SelinaHhan,2025-10-17,16:34:50,-07:00,2025-10-17T16:34:50-07:00,2,4
global.js,103,js,71c19a5e,SelinaHhan,2025-10-17,16:34:50,-07:00,2025-10-17T16:34:50-07:00,2,24
global.js,104,js,71c19a5e,SelinaHhan,2025-10-17,16:34:50,-07:00,2025-10-17T16:34:50-07:00,3,43
global.js,105,js,71c19a5e,SelinaHhan,2025-10-17,16:34:50,-07:00,2025-10-17T16:34:50-07:00,3,34
global.js,106,js,71c19a5e,SelinaHhan,2025-10-17,16:34:50,-07:00,2025-10-17T16:34:50-07:00,3,32
global.js,107,js,71c19a5e,SelinaHhan,2025-10-17,16:34:50,-07:00,2025-10-17T16:34:50-07:00,2,7
global.js,108,js,71c19a5e,SelinaHhan,2025-10-17,16:34:50,-07:00,2025-10-17T16:34:50-07:00,1,6
global.js,109,js,71c19a5e,SelinaHhan,2025-10-17,16:34:50,-07:00,2025-10-17T16:34:50-07:00,1,0
global.js,110,js,71c19a5e,SelinaHhan,2025-10-17,16:34:50,-07:00,2025-10-17T16:34:50-07:00,0,0
global.js,111,js,71c19a5e,SelinaHhan,2025-10-17,16:34:50,-07:00,2025-10-17T16:34:50-07:00,0,0
global.js,112,js,71c19a5e,SelinaHhan,2025-10-17,16:34:50,-07:00,2025-10-17T16:34:50-07:00,0,53
global.js,113,js,71c19a5e,SelinaHhan,2025-10-17,16:34:50,-07:00,2025-10-17T16:34:50-07:00,0,43
global.js,114,js,71c19a5e,SelinaHhan,2025-10-17,16:34:50,-07:00,2025-10-17T16:34:50-07:00,1,31
global.js,115,js,71c19a5e,SelinaHhan,2025-10-17,16:34:50,-07:00,2025-10-17T16:34:50-07:00,1,64
global.js,116,js,71c19a5e,SelinaHhan,2025-10-17,16:34:50,-07:00,2025-10-17T16:34:50-07:00,0,1
global.js,117,js,71c19a5e,SelinaHhan,2025-10-17,16:34:50,-07:00,2025-10-17T16:34:50-07:00,0,0
global.js,118,js,71c19a5e,SelinaHhan,2025-10-17,16:34:50,-07:00,2025-10-17T16:34:50-07:00,0,30
global.js,119,js,71c19a5e,SelinaHhan,2025-10-17,16:34:50,-07:00,2025-10-17T16:34:50-07:00,2,64
global.js,120,js,71c19a5e,SelinaHhan,2025-10-17,16:34:50,-07:00,2025-10-17T16:34:50-07:00,2,19
global.js,121,js,71c19a5e,SelinaHhan,2025-10-17,16:34:50,-07:00,2025-10-17T16:34:50-07:00,1,0
global.js,122,js,71c19a5e,SelinaHhan,2025-10-17,16:34:50,-07:00,2025-10-17T16:34:50-07:00,1,0
global.js,123,js,71c19a5e,SelinaHhan,2025-10-17,16:34:50,-07:00,2025-10-17T16:34:50-07:00,0,0
global.js,124,js,71c19a5e,SelinaHhan,2025-10-17,16:34:50,-07:00,2025-10-17T16:34:50-07:00,1,34
global.js,125,js,71c19a5e,SelinaHhan,2025-10-17,16:34:50,-07:00,2025-10-17T16:34:50-07:00,2,39
global.js,126,js,71c19a5e,SelinaHhan,2025-10-17,16:34:50,-07:00,2025-10-17T16:34:50-07:00,1,0
global.js,127,js,71c19a5e,SelinaHhan,2025-10-17,16:34:50,-07:00,2025-10-17T16:34:50-07:00,1,0
global.js,128,js,71c19a5e,SelinaHhan,2025-10-17,16:34:50,-07:00,2025-10-17T16:34:50-07:00,0,0
global.js,129,js,71c19a5e,SelinaHhan,2025-10-17,16:34:50,-07:00,2025-10-17T16:34:50-07:00,1,43
global.js,130,js,71c19a5e,SelinaHhan,2025-10-17,16:34:50,-07:00,2025-10-17T16:34:50-07:00,2,44
global.js,131,js,71c19a5e,SelinaHhan,2025-10-17,16:34:50,-07:00,2025-10-17T16:34:50-07:00,2,33
global.js,132,js,71c19a5e,SelinaHhan,2025-10-17,16:34:50,-07:00,2025-10-17T16:34:50-07:00,1,1
global.js,133,js,71c19a5e,SelinaHhan,2025-10-17,16:34:50,-07:00,2025-10-17T16:34:50-07:00,0,0
global.js,134,js,71c19a5e,SelinaHhan,2025-10-17,16:34:50,-07:00,2025-10-17T16:34:50-07:00,0,42
global.js,135,js,71c19a5e,SelinaHhan,2025-10-17,16:34:50,-07:00,2025-10-17T16:34:50-07:00,0,39
global.js,136,js,71c19a5e,SelinaHhan,2025-10-17,16:34:50,-07:00,2025-10-17T16:34:50-07:00,2,17
global.js,137,js,71c19a5e,SelinaHhan,2025-10-17,16:34:50,-07:00,2025-10-17T16:34:50-07:00,1,0
global.js,138,js,71c19a5e,SelinaHhan,2025-10-17,16:34:50,-07:00,2025-10-17T16:34:50-07:00,2,30
global.js,139,js,71c19a5e,SelinaHhan,2025-10-17,16:34:50,-07:00,2025-10-17T16:34:50-07:00,2,16
global.js,140,js,71c19a5e,SelinaHhan,2025-10-17,16:34:50,-07:00,2025-10-17T16:34:50-07:00,1,0
global.js,141,js,71c19a5e,SelinaHhan,2025-10-17,16:34:50,-07:00,2025-10-17T16:34:50-07:00,2,33
global.js,142,js,71c19a5e,SelinaHhan,2025-10-17,16:34:50,-07:00,2025-10-17T16:34:50-07:00,3,50
global.js,143,js,71c19a5e,SelinaHhan,2025-10-17,16:34:50,-07:00,2025-10-17T16:34:50-07:00,2,0
global.js,144,js,71c19a5e,SelinaHhan,2025-10-17,16:34:50,-07:00,2025-10-17T16:34:50-07:00,1,0
global.js,145,js,71c19a5e,SelinaHhan,2025-10-17,16:34:50,-07:00,2025-10-17T16:34:50-07:00,2,47
global.js,146,js,71c19a5e,SelinaHhan,2025-10-17,16:34:50,-07:00,2025-10-17T16:34:50-07:00,2,18
global.js,147,js,71c19a5e,SelinaHhan,2025-10-17,16:34:50,-07:00,2025-10-17T16:34:50-07:00,0,1
global.js,148,js,6559f060,SelinaHhan,2025-10-24,17:10:04,-07:00,2025-10-24T17:10:04-07:00,0,0
global.js,149,js,71c19a5e,SelinaHhan,2025-10-17,16:34:50,-07:00,2025-10-17T16:34:50-07:00,1,0
resume/index.html,1,html,528aec4c,SelinaHhan,2025-10-02,20:11:51,-07:00,2025-10-02T20:11:51-07:00,0,13
resume/index.html,2,html,528aec4c,SelinaHhan,2025-10-02,20:11:51,-07:00,2025-10-02T20:11:51-07:00,0,14
resume/index.html,3,html,528aec4c,SelinaHhan,2025-10-02,20:11:51,-07:00,2025-10-02T20:11:51-07:00,0,4
resume/index.html,4,html,528aec4c,SelinaHhan,2025-10-02,20:11:51,-07:00,2025-10-02T20:11:51-07:00,1,22
resume/index.html,5,html,528aec4c,SelinaHhan,2025-10-02,20:11:51,-07:00,2025-10-02T20:11:51-07:00,1,68
resume/index.html,6,html,528aec4c,SelinaHhan,2025-10-02,20:11:51,-07:00,2025-10-02T20:11:51-07:00,1,32
resume/index.html,7,html,528aec4c,SelinaHhan,2025-10-02,20:11:51,-07:00,2025-10-02T20:11:51-07:00,1,43
resume/index.html,8,html,528aec4c,SelinaHhan,2025-10-02,20:11:51,-07:00,2025-10-02T20:11:51-07:00,0,5
resume/index.html,9,html,71c19a5e,SelinaHhan,2025-10-17,16:34:50,-07:00,2025-10-17T16:34:50-07:00,0,48
resume/index.html,10,html,55e179ca,SelinaHhan,2025-10-10,10:33:15,-07:00,2025-10-10T10:33:15-07:00,0,19
resume/index.html,11,html,528aec4c,SelinaHhan,2025-10-02,20:11:51,-07:00,2025-10-02T20:11:51-07:00,0,0
resume/index.html,12,html,71c19a5e,SelinaHhan,2025-10-17,16:34:50,-07:00,2025-10-17T16:34:50-07:00,1,9
resume/index.html,13,html,528aec4c,SelinaHhan,2025-10-02,20:11:51,-07:00,2025-10-02T20:11:51-07:00,0,0
resume/index.html,14,html,528aec4c,SelinaHhan,2025-10-02,20:11:51,-07:00,2025-10-02T20:11:51-07:00,1,6
resume/index.html,15,html,528aec4c,SelinaHhan,2025-10-02,20:11:51,-07:00,2025-10-02T20:11:51-07:00,2,17
resume/index.html,16,html,528aec4c,SelinaHhan,2025-10-02,20:11:51,-07:00,2025-10-02T20:11:51-07:00,2,167
resume/index.html,17,html,528aec4c,SelinaHhan,2025-10-02,20:11:51,-07:00,2025-10-02T20:11:51-07:00,1,7
resume/index.html,18,html,528aec4c,SelinaHhan,2025-10-02,20:11:51,-07:00,2025-10-02T20:11:51-07:00,0,0
resume/index.html,19,html,528aec4c,SelinaHhan,2025-10-02,20:11:51,-07:00,2025-10-02T20:11:51-07:00,1,35
resume/index.html,20,html,528aec4c,SelinaHhan,2025-10-02,20:11:51,-07:00,2025-10-02T20:11:51-07:00,2,31
resume/index.html,21,html,528aec4c,SelinaHhan,2025-10-02,20:11:51,-07:00,2025-10-02T20:11:51-07:00,2,7
resume/index.html,22,html,528aec4c,SelinaHhan,2025-10-02,20:11:51,-07:00,2025-10-02T20:11:51-07:00,3,41
resume/index.html,23,html,528aec4c,SelinaHhan,2025-10-02,20:11:51,-07:00,2025-10-02T20:11:51-07:00,3,86
resume/index.html,24,html,55e179ca,SelinaHhan,2025-10-10,10:33:15,-07:00,2025-10-10T10:33:15-07:00,3,76
resume/index.html,25,html,528aec4c,SelinaHhan,2025-10-02,20:11:51,-07:00,2025-10-02T20:11:51-07:00,2,8
resume/index.html,26,html,528aec4c,SelinaHhan,2025-10-02,20:11:51,-07:00,2025-10-02T20:11:51-07:00,1,8
resume/index.html,27,html,528aec4c,SelinaHhan,2025-10-02,20:11:51,-07:00,2025-10-02T20:11:51-07:00,0,0
resume/index.html,28,html,528aec4c,SelinaHhan,2025-10-02,20:11:51,-07:00,2025-10-02T20:11:51-07:00,0,0
resume/index.html,29,html,528aec4c,SelinaHhan,2025-10-02,20:11:51,-07:00,2025-10-02T20:11:51-07:00,1,32
resume/index.html,30,html,528aec4c,SelinaHhan,2025-10-02,20:11:51,-07:00,2025-10-02T20:11:51-07:00,2,25
resume/index.html,31,html,528aec4c,SelinaHhan,2025-10-02,20:11:51,-07:00,2025-10-02T20:11:51-07:00,2,2
resume/index.html,32,html,528aec4c,SelinaHhan,2025-10-02,20:11:51,-07:00,2025-10-02T20:11:51-07:00,3,21
resume/index.html,33,html,528aec4c,SelinaHhan,2025-10-02,20:11:51,-07:00,2025-10-02T20:11:51-07:00,3,48
resume/index.html,34,html,528aec4c,SelinaHhan,2025-10-02,20:11:51,-07:00,2025-10-02T20:11:51-07:00,3,17
resume/index.html,35,html,528aec4c,SelinaHhan,2025-10-02,20:11:51,-07:00,2025-10-02T20:11:51-07:00,2,3
resume/index.html,36,html,528aec4c,SelinaHhan,2025-10-02,20:11:51,-07:00,2025-10-02T20:11:51-07:00,1,8
resume/index.html,37,html,528aec4c,SelinaHhan,2025-10-02,20:11:51,-07:00,2025-10-02T20:11:51-07:00,0,0
resume/index.html,38,html,528aec4c,SelinaHhan,2025-10-02,20:11:51,-07:00,2025-10-02T20:11:51-07:00,1,33
resume/index.html,39,html,528aec4c,SelinaHhan,2025-10-02,20:11:51,-07:00,2025-10-02T20:11:51-07:00,2,27
resume/index.html,40,html,528aec4c,SelinaHhan,2025-10-02,20:11:51,-07:00,2025-10-02T20:11:51-07:00,2,107
resume/index.html,41,html,528aec4c,SelinaHhan,2025-10-02,20:11:51,-07:00,2025-10-02T20:11:51-07:00,1,8
resume/index.html,42,html,528aec4c,SelinaHhan,2025-10-02,20:11:51,-07:00,2025-10-02T20:11:51-07:00,0,0
resume/index.html,43,html,528aec4c,SelinaHhan,2025-10-02,20:11:51,-07:00,2025-10-02T20:11:51-07:00,1,36
resume/index.html,44,html,528aec4c,SelinaHhan,2025-10-02,20:11:51,-07:00,2025-10-02T20:11:51-07:00,2,33
resume/index.html,45,html,528aec4c,SelinaHhan,2025-10-02,20:11:51,-07:00,2025-10-02T20:11:51-07:00,0,0
resume/index.html,46,html,528aec4c,SelinaHhan,2025-10-02,20:11:51,-07:00,2025-10-02T20:11:51-07:00,2,7
resume/index.html,47,html,528aec4c,SelinaHhan,2025-10-02,20:11:51,-07:00,2025-10-02T20:11:51-07:00,3,72
resume/index.html,48,html,528aec4c,SelinaHhan,2025-10-02,20:11:51,-07:00,2025-10-02T20:11:51-07:00,3,1
resume/index.html,49,html,528aec4c,SelinaHhan,2025-10-02,20:11:51,-07:00,2025-10-02T20:11:51-07:00,4,92
resume/index.html,50,html,528aec4c,SelinaHhan,2025-10-02,20:11:51,-07:00,2025-10-02T20:11:51-07:00,3,2
resume/index.html,51,html,528aec4c,SelinaHhan,2025-10-02,20:11:51,-07:00,2025-10-02T20:11:51-07:00,3,2
resume/index.html,52,html,528aec4c,SelinaHhan,2025-10-02,20:11:51,-07:00,2025-10-02T20:11:51-07:00,4,54
resume/index.html,53,html,528aec4c,SelinaHhan,2025-10-02,20:11:51,-07:00,2025-10-02T20:11:51-07:00,4,56
resume/index.html,54,html,528aec4c,SelinaHhan,2025-10-02,20:11:51,-07:00,2025-10-02T20:11:51-07:00,3,3
resume/index.html,55,html,528aec4c,SelinaHhan,2025-10-02,20:11:51,-07:00,2025-10-02T20:11:51-07:00,2,8
resume/index.html,56,html,55e179ca,SelinaHhan,2025-10-10,10:33:15,-07:00,2025-10-10T10:33:15-07:00,2,7
resume/index.html,57,html,55e179ca,SelinaHhan,2025-10-10,10:33:15,-07:00,2025-10-10T10:33:15-07:00,3,62
resume/index.html,58,html,55e179ca,SelinaHhan,2025-10-10,10:33:15,-07:00,2025-10-10T10:33:15-07:00,3,1
resume/index.html,59,html,55e179ca,SelinaHhan,2025-10-10,10:33:15,-07:00,2025-10-10T10:33:15-07:00,4,93
resume/index.html,60,html,55e179ca,SelinaHhan,2025-10-10,10:33:15,-07:00,2025-10-10T10:33:15-07:00,3,2
resume/index.html,61,html,55e179ca,SelinaHhan,2025-10-10,10:33:15,-07:00,2025-10-10T10:33:15-07:00,3,2
resume/index.html,62,html,55e179ca,SelinaHhan,2025-10-10,10:33:15,-07:00,2025-10-10T10:33:15-07:00,4,82
resume/index.html,63,html,55e179ca,SelinaHhan,2025-10-10,10:33:15,-07:00,2025-10-10T10:33:15-07:00,3,3
resume/index.html,64,html,55e179ca,SelinaHhan,2025-10-10,10:33:15,-07:00,2025-10-10T10:33:15-07:00,2,8
resume/index.html,65,html,528aec4c,SelinaHhan,2025-10-02,20:11:51,-07:00,2025-10-02T20:11:51-07:00,0,0
resume/index.html,66,html,528aec4c,SelinaHhan,2025-10-02,20:11:51,-07:00,2025-10-02T20:11:51-07:00,2,7
resume/index.html,67,html,55e179ca,SelinaHhan,2025-10-10,10:33:15,-07:00,2025-10-10T10:33:15-07:00,3,39
resume/index.html,68,html,528aec4c,SelinaHhan,2025-10-02,20:11:51,-07:00,2025-10-02T20:11:51-07:00,3,1
resume/index.html,69,html,528aec4c,SelinaHhan,2025-10-02,20:11:51,-07:00,2025-10-02T20:11:51-07:00,4,88
resume/index.html,70,html,528aec4c,SelinaHhan,2025-10-02,20:11:51,-07:00,2025-10-02T20:11:51-07:00,3,2
resume/index.html,71,html,528aec4c,SelinaHhan,2025-10-02,20:11:51,-07:00,2025-10-02T20:11:51-07:00,3,2
resume/index.html,72,html,528aec4c,SelinaHhan,2025-10-02,20:11:51,-07:00,2025-10-02T20:11:51-07:00,4,64
resume/index.html,73,html,528aec4c,SelinaHhan,2025-10-02,20:11:51,-07:00,2025-10-02T20:11:51-07:00,4,49
resume/index.html,74,html,528aec4c,SelinaHhan,2025-10-02,20:11:51,-07:00,2025-10-02T20:11:51-07:00,3,3
resume/index.html,75,html,528aec4c,SelinaHhan,2025-10-02,20:11:51,-07:00,2025-10-02T20:11:51-07:00,2,8
resume/index.html,76,html,528aec4c,SelinaHhan,2025-10-02,20:11:51,-07:00,2025-10-02T20:11:51-07:00,1,8
resume/index.html,77,html,528aec4c,SelinaHhan,2025-10-02,20:11:51,-07:00,2025-10-02T20:11:51-07:00,0,0
resume/index.html,78,html,528aec4c,SelinaHhan,2025-10-02,20:11:51,-07:00,2025-10-02T20:11:51-07:00,0,0
resume/index.html,79,html,528aec4c,SelinaHhan,2025-10-02,20:11:51,-07:00,2025-10-02T20:11:51-07:00,0,0
resume/index.html,80,html,528aec4c,SelinaHhan,2025-10-02,20:11:51,-07:00,2025-10-02T20:11:51-07:00,0,5
resume/index.html,81,html,528aec4c,SelinaHhan,2025-10-02,20:11:51,-07:00,2025-10-02T20:11:51-07:00,0,5
projects/projects.js,1,js,71bc7d25,SelinaHhan,2025-10-24,17:40:56,-07:00,2025-10-24T17:40:56-07:00,0,55
projects/projects.js,2,js,a134937c,SelinaHhan,2025-10-30,12:08:31,-07:00,2025-10-30T12:08:31-07:00,0,59
projects/projects.js,3,js,6559f060,SelinaHhan,2025-10-24,17:10:04,-07:00,2025-10-24T17:10:04-07:00,0,0
projects/projects.js,4,js,a134937c,SelinaHhan,2025-10-30,12:08:31,-07:00,2025-10-30T12:08:31-07:00,0,20
projects/projects.js,5,js,a134937c,SelinaHhan,2025-10-30,12:08:31,-07:00,2025-10-30T12:08:31-07:00,0,55
projects/projects.js,6,js,a134937c,SelinaHhan,2025-10-30,12:08:31,-07:00,2025-10-30T12:08:31-07:00,0,29
projects/projects.js,7,js,a134937c,SelinaHhan,2025-10-30,12:08:31,-07:00,2025-10-30T12:08:31-07:00,1,39
projects/projects.js,8,js,a134937c,SelinaHhan,2025-10-30,12:08:31,-07:00,2025-10-30T12:08:31-07:00,0,0
projects/projects.js,9,js,6559f060,SelinaHhan,2025-10-24,17:10:04,-07:00,2025-10-24T17:10:04-07:00,0,0
projects/projects.js,10,js,a134937c,SelinaHhan,2025-10-30,12:08:31,-07:00,2025-10-30T12:08:31-07:00,0,16
projects/projects.js,11,js,a134937c,SelinaHhan,2025-10-30,12:08:31,-07:00,2025-10-30T12:08:31-07:00,0,21
projects/projects.js,12,js,a134937c,SelinaHhan,2025-10-30,12:08:31,-07:00,2025-10-30T12:08:31-07:00,0,13
projects/projects.js,13,js,a134937c,SelinaHhan,2025-10-30,12:08:31,-07:00,2025-10-30T12:08:31-07:00,0,0
projects/projects.js,14,js,a134937c,SelinaHhan,2025-10-30,12:08:31,-07:00,2025-10-30T12:08:31-07:00,0,60
projects/projects.js,15,js,a134937c,SelinaHhan,2025-10-30,12:08:31,-07:00,2025-10-30T12:08:31-07:00,0,55
projects/projects.js,16,js,a134937c,SelinaHhan,2025-10-30,12:08:31,-07:00,2025-10-30T12:08:31-07:00,0,0
projects/projects.js,17,js,a134937c,SelinaHhan,2025-10-30,12:08:31,-07:00,2025-10-30T12:08:31-07:00,0,9
projects/projects.js,18,js,a134937c,SelinaHhan,2025-10-30,12:08:31,-07:00,2025-10-30T12:08:31-07:00,0,59
projects/projects.js,19,js,a134937c,SelinaHhan,2025-10-30,12:08:31,-07:00,2025-10-30T12:08:31-07:00,0,49
projects/projects.js,20,js,a134937c,SelinaHhan,2025-10-30,12:08:31,-07:00,2025-10-30T12:08:31-07:00,0,0
projects/projects.js,21,js,a134937c,SelinaHhan,2025-10-30,12:08:31,-07:00,2025-10-30T12:08:31-07:00,0,40
projects/projects.js,22,js,a134937c,SelinaHhan,2025-10-30,12:08:31,-07:00,2025-10-30T12:08:31-07:00,0,38
projects/projects.js,23,js,a134937c,SelinaHhan,2025-10-30,12:08:31,-07:00,2025-10-30T12:08:31-07:00,1,29
projects/projects.js,24,js,a134937c,SelinaHhan,2025-10-30,12:08:31,-07:00,2025-10-30T12:08:31-07:00,1,28
projects/projects.js,25,js,a134937c,SelinaHhan,2025-10-30,12:08:31,-07:00,2025-10-30T12:08:31-07:00,2,12
projects/projects.js,26,js,a134937c,SelinaHhan,2025-10-30,12:08:31,-07:00,2025-10-30T12:08:31-07:00,2,14
projects/projects.js,27,js,a134937c,SelinaHhan,2025-10-30,12:08:31,-07:00,2025-10-30T12:08:31-07:00,2,11
projects/projects.js,28,js,a134937c,SelinaHhan,2025-10-30,12:08:31,-07:00,2025-10-30T12:08:31-07:00,1,0
projects/projects.js,29,js,a134937c,SelinaHhan,2025-10-30,12:08:31,-07:00,2025-10-30T12:08:31-07:00,0,0
projects/projects.js,30,js,a134937c,SelinaHhan,2025-10-30,12:08:31,-07:00,2025-10-30T12:08:31-07:00,1,47
projects/projects.js,31,js,a134937c,SelinaHhan,2025-10-30,12:08:31,-07:00,2025-10-30T12:08:31-07:00,2,11
projects/projects.js,32,js,a134937c,SelinaHhan,2025-10-30,12:08:31,-07:00,2025-10-30T12:08:31-07:00,2,9
projects/projects.js,33,js,11a3df1c,SelinaHhan,2025-10-30,11:26:41,-07:00,2025-10-30T11:26:41-07:00,1,2
projects/projects.js,34,js,6559f060,SelinaHhan,2025-10-24,17:10:04,-07:00,2025-10-24T17:10:04-07:00,0,0
projects/projects.js,35,js,a134937c,SelinaHhan,2025-10-30,12:08:31,-07:00,2025-10-30T12:08:31-07:00,1,16
projects/projects.js,36,js,a134937c,SelinaHhan,2025-10-30,12:08:31,-07:00,2025-10-30T12:08:31-07:00,1,52
projects/projects.js,37,js,a134937c,SelinaHhan,2025-10-30,12:08:31,-07:00,2025-10-30T12:08:31-07:00,1,35
projects/projects.js,38,js,a134937c,SelinaHhan,2025-10-30,12:08:31,-07:00,2025-10-30T12:08:31-07:00,1,47
projects/projects.js,39,js,a134937c,SelinaHhan,2025-10-30,12:08:31,-07:00,2025-10-30T12:08:31-07:00,0,0
projects/projects.js,40,js,a134937c,SelinaHhan,2025-10-30,12:08:31,-07:00,2025-10-30T12:08:31-07:00,1,24
projects/projects.js,41,js,a134937c,SelinaHhan,2025-10-30,12:08:31,-07:00,2025-10-30T12:08:31-07:00,1,42
projects/projects.js,42,js,a134937c,SelinaHhan,2025-10-30,12:08:31,-07:00,2025-10-30T12:08:31-07:00,1,29
projects/projects.js,43,js,a134937c,SelinaHhan,2025-10-30,12:08:31,-07:00,2025-10-30T12:08:31-07:00,1,0
projects/projects.js,44,js,a134937c,SelinaHhan,2025-10-30,12:08:31,-07:00,2025-10-30T12:08:31-07:00,1,34
projects/projects.js,45,js,a134937c,SelinaHhan,2025-10-30,12:08:31,-07:00,2025-10-30T12:08:31-07:00,1,30
projects/projects.js,46,js,a134937c,SelinaHhan,2025-10-30,12:08:31,-07:00,2025-10-30T12:08:31-07:00,0,0
projects/projects.js,47,js,a134937c,SelinaHhan,2025-10-30,12:08:31,-07:00,2025-10-30T12:08:31-07:00,1,18
projects/projects.js,48,js,a134937c,SelinaHhan,2025-10-30,12:08:31,-07:00,2025-10-30T12:08:31-07:00,1,24
projects/projects.js,49,js,a134937c,SelinaHhan,2025-10-30,12:08:31,-07:00,2025-10-30T12:08:31-07:00,2,1
projects/projects.js,50,js,a134937c,SelinaHhan,2025-10-30,12:08:31,-07:00,2025-10-30T12:08:31-07:00,3,13
projects/projects.js,51,js,a134937c,SelinaHhan,2025-10-30,12:08:31,-07:00,2025-10-30T12:08:31-07:00,3,13
projects/projects.js,52,js,a134937c,SelinaHhan,2025-10-30,12:08:31,-07:00,2025-10-30T12:08:31-07:00,3,22
projects/projects.js,53,js,a134937c,SelinaHhan,2025-10-30,12:08:31,-07:00,2025-10-30T12:08:31-07:00,3,51
projects/projects.js,54,js,a134937c,SelinaHhan,2025-10-30,12:08:31,-07:00,2025-10-30T12:08:31-07:00,3,18
projects/projects.js,55,js,a134937c,SelinaHhan,2025-10-30,12:08:31,-07:00,2025-10-30T12:08:31-07:00,4,17
projects/projects.js,56,js,a134937c,SelinaHhan,2025-10-30,12:08:31,-07:00,2025-10-30T12:08:31-07:00,4,43
projects/projects.js,57,js,a134937c,SelinaHhan,2025-10-30,12:08:31,-07:00,2025-10-30T12:08:31-07:00,4,0
projects/projects.js,58,js,a134937c,SelinaHhan,2025-10-30,12:08:31,-07:00,2025-10-30T12:08:31-07:00,4,29
projects/projects.js,59,js,a134937c,SelinaHhan,2025-10-30,12:08:31,-07:00,2025-10-30T12:08:31-07:00,4,1
projects/projects.js,60,js,a134937c,SelinaHhan,2025-10-30,12:08:31,-07:00,2025-10-30T12:08:31-07:00,5,16
projects/projects.js,61,js,a134937c,SelinaHhan,2025-10-30,12:08:31,-07:00,2025-10-30T12:08:31-07:00,5,68
projects/projects.js,62,js,a134937c,SelinaHhan,2025-10-30,12:08:31,-07:00,2025-10-30T12:08:31-07:00,4,0
projects/projects.js,63,js,a134937c,SelinaHhan,2025-10-30,12:08:31,-07:00,2025-10-30T12:08:31-07:00,4,36
projects/projects.js,64,js,a134937c,SelinaHhan,2025-10-30,12:08:31,-07:00,2025-10-30T12:08:31-07:00,4,4
projects/projects.js,65,js,a134937c,SelinaHhan,2025-10-30,12:08:31,-07:00,2025-10-30T12:08:31-07:00,5,14
projects/projects.js,66,js,a134937c,SelinaHhan,2025-10-30,12:08:31,-07:00,2025-10-30T12:08:31-07:00,5,91
projects/projects.js,67,js,a134937c,SelinaHhan,2025-10-30,12:08:31,-07:00,2025-10-30T12:08:31-07:00,4,0
projects/projects.js,68,js,a134937c,SelinaHhan,2025-10-30,12:08:31,-07:00,2025-10-30T12:08:31-07:00,4,27
projects/projects.js,69,js,a134937c,SelinaHhan,2025-10-30,12:08:31,-07:00,2025-10-30T12:08:31-07:00,4,24
projects/projects.js,70,js,a134937c,SelinaHhan,2025-10-30,12:08:31,-07:00,2025-10-30T12:08:31-07:00,3,1
projects/projects.js,71,js,a134937c,SelinaHhan,2025-10-30,12:08:31,-07:00,2025-10-30T12:08:31-07:00,1,1
projects/projects.js,72,js,a134937c,SelinaHhan,2025-10-30,12:08:31,-07:00,2025-10-30T12:08:31-07:00,0,0
projects/projects.js,73,js,a134937c,SelinaHhan,2025-10-30,12:08:31,-07:00,2025-10-30T12:08:31-07:00,1,14
projects/projects.js,74,js,a134937c,SelinaHhan,2025-10-30,12:08:31,-07:00,2025-10-30T12:08:31-07:00,1,24
projects/projects.js,75,js,a134937c,SelinaHhan,2025-10-30,12:08:31,-07:00,2025-10-30T12:08:31-07:00,2,4
projects/projects.js,76,js,a134937c,SelinaHhan,2025-10-30,12:08:31,-07:00,2025-10-30T12:08:31-07:00,3,11
projects/projects.js,77,js,a134937c,SelinaHhan,2025-10-30,12:08:31,-07:00,2025-10-30T12:08:31-07:00,3,76
projects/projects.js,78,js,a134937c,SelinaHhan,2025-10-30,12:08:31,-07:00,2025-10-30T12:08:31-07:00,3,39
projects/projects.js,79,js,a134937c,SelinaHhan,2025-10-30,12:08:31,-07:00,2025-10-30T12:08:31-07:00,3,68
projects/projects.js,80,js,a134937c,SelinaHhan,2025-10-30,12:08:31,-07:00,2025-10-30T12:08:31-07:00,3,18
projects/projects.js,81,js,a134937c,SelinaHhan,2025-10-30,12:08:31,-07:00,2025-10-30T12:08:31-07:00,4,17
projects/projects.js,82,js,a134937c,SelinaHhan,2025-10-30,12:08:31,-07:00,2025-10-30T12:08:31-07:00,4,47
projects/projects.js,83,js,a134937c,SelinaHhan,2025-10-30,12:08:31,-07:00,2025-10-30T12:08:31-07:00,4,0
projects/projects.js,84,js,a134937c,SelinaHhan,2025-10-30,12:08:31,-07:00,2025-10-30T12:08:31-07:00,4,29
projects/projects.js,85,js,a134937c,SelinaHhan,2025-10-30,12:08:31,-07:00,2025-10-30T12:08:31-07:00,4,1
projects/projects.js,86,js,a134937c,SelinaHhan,2025-10-30,12:08:31,-07:00,2025-10-30T12:08:31-07:00,5,16
projects/projects.js,87,js,a134937c,SelinaHhan,2025-10-30,12:08:31,-07:00,2025-10-30T12:08:31-07:00,5,64
projects/projects.js,88,js,a134937c,SelinaHhan,2025-10-30,12:08:31,-07:00,2025-10-30T12:08:31-07:00,4,0
projects/projects.js,89,js,a134937c,SelinaHhan,2025-10-30,12:08:31,-07:00,2025-10-30T12:08:31-07:00,4,36
projects/projects.js,90,js,a134937c,SelinaHhan,2025-10-30,12:08:31,-07:00,2025-10-30T12:08:31-07:00,4,4
projects/projects.js,91,js,a134937c,SelinaHhan,2025-10-30,12:08:31,-07:00,2025-10-30T12:08:31-07:00,5,14
projects/projects.js,92,js,a134937c,SelinaHhan,2025-10-30,12:08:31,-07:00,2025-10-30T12:08:31-07:00,5,87
projects/projects.js,93,js,a134937c,SelinaHhan,2025-10-30,12:08:31,-07:00,2025-10-30T12:08:31-07:00,4,0
projects/projects.js,94,js,a134937c,SelinaHhan,2025-10-30,12:08:31,-07:00,2025-10-30T12:08:31-07:00,4,27
projects/projects.js,95,js,a134937c,SelinaHhan,2025-10-30,12:08:31,-07:00,2025-10-30T12:08:31-07:00,4,24
projects/projects.js,96,js,a134937c,SelinaHhan,2025-10-30,12:08:31,-07:00,2025-10-30T12:08:31-07:00,3,1
projects/projects.js,97,js,a134937c,SelinaHhan,2025-10-30,12:08:31,-07:00,2025-10-30T12:08:31-07:00,1,1
projects/projects.js,98,js,a134937c,SelinaHhan,2025-10-30,12:08:31,-07:00,2025-10-30T12:08:31-07:00,0,0
projects/projects.js,99,js,a134937c,SelinaHhan,2025-10-30,12:08:31,-07:00,2025-10-30T12:08:31-07:00,0,0
projects/projects.js,100,js,a134937c,SelinaHhan,2025-10-30,12:08:31,-07:00,2025-10-30T12:08:31-07:00,0,61
projects/projects.js,101,js,a134937c,SelinaHhan,2025-10-30,12:08:31,-07:00,2025-10-30T12:08:31-07:00,0,30
projects/projects.js,102,js,a134937c,SelinaHhan,2025-10-30,12:08:31,-07:00,2025-10-30T12:08:31-07:00,1,22
projects/projects.js,103,js,a134937c,SelinaHhan,2025-10-30,12:08:31,-07:00,2025-10-30T12:08:31-07:00,0,0
projects/projects.js,104,js,a134937c,SelinaHhan,2025-10-30,12:08:31,-07:00,2025-10-30T12:08:31-07:00,1,23
projects/projects.js,105,js,a134937c,SelinaHhan,2025-10-30,12:08:31,-07:00,2025-10-30T12:08:31-07:00,1,10
projects/projects.js,106,js,a134937c,SelinaHhan,2025-10-30,12:08:31,-07:00,2025-10-30T12:08:31-07:00,2,39
projects/projects.js,107,js,a134937c,SelinaHhan,2025-10-30,12:08:31,-07:00,2025-10-30T12:08:31-07:00,3,61
projects/projects.js,108,js,a134937c,SelinaHhan,2025-10-30,12:08:31,-07:00,2025-10-30T12:08:31-07:00,3,42
projects/projects.js,109,js,a134937c,SelinaHhan,2025-10-30,12:08:31,-07:00,2025-10-30T12:08:31-07:00,2,1
projects/projects.js,110,js,a134937c,SelinaHhan,2025-10-30,12:08:31,-07:00,2025-10-30T12:08:31-07:00,1,0
projects/projects.js,111,js,a134937c,SelinaHhan,2025-10-30,12:08:31,-07:00,2025-10-30T12:08:31-07:00,0,0
projects/projects.js,112,js,a134937c,SelinaHhan,2025-10-30,12:08:31,-07:00,2025-10-30T12:08:31-07:00,1,24
projects/projects.js,113,js,a134937c,SelinaHhan,2025-10-30,12:08:31,-07:00,2025-10-30T12:08:31-07:00,1,25
projects/projects.js,114,js,a134937c,SelinaHhan,2025-10-30,12:08:31,-07:00,2025-10-30T12:08:31-07:00,2,28
projects/projects.js,115,js,a134937c,SelinaHhan,2025-10-30,12:08:31,-07:00,2025-10-30T12:08:31-07:00,3,7
projects/projects.js,116,js,a134937c,SelinaHhan,2025-10-30,12:08:31,-07:00,2025-10-30T12:08:31-07:00,3,14
projects/projects.js,117,js,a134937c,SelinaHhan,2025-10-30,12:08:31,-07:00,2025-10-30T12:08:31-07:00,3,11
projects/projects.js,118,js,a134937c,SelinaHhan,2025-10-30,12:08:31,-07:00,2025-10-30T12:08:31-07:00,2,0
projects/projects.js,119,js,a134937c,SelinaHhan,2025-10-30,12:08:31,-07:00,2025-10-30T12:08:31-07:00,2,78
projects/projects.js,120,js,a134937c,SelinaHhan,2025-10-30,12:08:31,-07:00,2025-10-30T12:08:31-07:00,2,46
projects/projects.js,121,js,a134937c,SelinaHhan,2025-10-30,12:08:31,-07:00,2025-10-30T12:08:31-07:00,2,0
projects/projects.js,122,js,a134937c,SelinaHhan,2025-10-30,12:08:31,-07:00,2025-10-30T12:08:31-07:00,2,17
projects/projects.js,123,js,a134937c,SelinaHhan,2025-10-30,12:08:31,-07:00,2025-10-30T12:08:31-07:00,3,69
projects/projects.js,124,js,a134937c,SelinaHhan,2025-10-30,12:08:31,-07:00,2025-10-30T12:08:31-07:00,2,0
projects/projects.js,125,js,6559f060,SelinaHhan,2025-10-24,17:10:04,-07:00,2025-10-24T17:10:04-07:00,1,0
projects/projects.js,126,js,a134937c,SelinaHhan,2025-10-30,12:08:31,-07:00,2025-10-30T12:08:31-07:00,0,0
projects/projects.js,127,js,a134937c,SelinaHhan,2025-10-30,12:08:31,-07:00,2025-10-30T12:08:31-07:00,1,14
projects/projects.js,128,js,a134937c,SelinaHhan,2025-10-30,12:08:31,-07:00,2025-10-30T12:08:31-07:00,0,0
projects/projects.js,129,js,a134937c,SelinaHhan,2025-10-30,12:08:31,-07:00,2025-10-30T12:08:31-07:00,0,0
projects/projects.js,130,js,68335682,SelinaHhan,2025-10-30,17:02:04,-07:00,2025-10-30T17:02:04-07:00,0,0
projects/projects.js,131,js,a134937c,SelinaHhan,2025-10-30,12:08:31,-07:00,2025-10-30T12:08:31-07:00,0,41
projects/projects.js,132,js,a134937c,SelinaHhan,2025-10-30,12:08:31,-07:00,2025-10-30T12:08:31-07:00,0,34
projects/projects.js,133,js,a134937c,SelinaHhan,2025-10-30,12:08:31,-07:00,2025-10-30T12:08:31-07:00,1,37
projects/projects.js,134,js,a134937c,SelinaHhan,2025-10-30,12:08:31,-07:00,2025-10-30T12:08:31-07:00,1,42
projects/projects.js,135,js,68335682,SelinaHhan,2025-10-30,17:02:04,-07:00,2025-10-30T17:02:04-07:00,1,25
projects/projects.js,136,js,68335682,SelinaHhan,2025-10-30,17:02:04,-07:00,2025-10-30T17:02:04-07:00,2,23
projects/projects.js,137,js,68335682,SelinaHhan,2025-10-30,17:02:04,-07:00,2025-10-30T17:02:04-07:00,1,0
projects/projects.js,138,js,6559f060,SelinaHhan,2025-10-24,17:10:04,-07:00,2025-10-24T17:10:04-07:00,0,0
projects/projects.js,139,js,a134937c,SelinaHhan,2025-10-30,12:08:31,-07:00,2025-10-30T12:08:31-07:00,0,0
projects/projects.js,140,js,a134937c,SelinaHhan,2025-10-30,12:08:31,-07:00,2025-10-30T12:08:31-07:00,0,28
projects/projects.js,141,js,a134937c,SelinaHhan,2025-10-30,12:08:31,-07:00,2025-10-30T12:08:31-07:00,0,48
projects/projects.js,142,js,a134937c,SelinaHhan,2025-10-30,12:08:31,-07:00,2025-10-30T12:08:31-07:00,1,25
projects/projects.js,143,js,a134937c,SelinaHhan,2025-10-30,12:08:31,-07:00,2025-10-30T12:08:31-07:00,1,17
projects/projects.js,144,js,68335682,SelinaHhan,2025-10-30,17:02:04,-07:00,2025-10-30T17:02:04-07:00,1,37
projects/projects.js,145,js,68335682,SelinaHhan,2025-10-30,17:02:04,-07:00,2025-10-30T17:02:04-07:00,1,42
projects/projects.js,146,js,68335682,SelinaHhan,2025-10-30,17:02:04,-07:00,2025-10-30T17:02:04-07:00,1,23
projects/projects.js,147,js,a134937c,SelinaHhan,2025-10-30,12:08:31,-07:00,2025-10-30T12:08:31-07:00,0,1
projects/projects.js,148,js,a134937c,SelinaHhan,2025-10-30,12:08:31,-07:00,2025-10-30T12:08:31-07:00,0,0
projects/projects.js,149,js,a134937c,SelinaHhan,2025-10-30,12:08:31,-07:00,2025-10-30T12:08:31-07:00,0,15
projects/projects.js,150,js,a134937c,SelinaHhan,2025-10-30,12:08:31,-07:00,2025-10-30T12:08:31-07:00,0,42
projects/projects.js,151,js,a134937c,SelinaHhan,2025-10-30,12:08:31,-07:00,2025-10-30T12:08:31-07:00,0,23
projects/index.html,1,html,d78788c9,SelinaHhan,2025-10-01,21:41:05,-07:00,2025-10-01T21:41:05-07:00,0,13
projects/index.html,2,html,d78788c9,SelinaHhan,2025-10-01,21:41:05,-07:00,2025-10-01T21:41:05-07:00,0,14
projects/index.html,3,html,d78788c9,SelinaHhan,2025-10-01,21:41:05,-07:00,2025-10-01T21:41:05-07:00,0,4
projects/index.html,4,html,a134937c,SelinaHhan,2025-10-30,12:08:31,-07:00,2025-10-30T12:08:31-07:00,2,20
projects/index.html,5,html,a134937c,SelinaHhan,2025-10-30,12:08:31,-07:00,2025-10-30T12:08:31-07:00,2,68
projects/index.html,6,html,a134937c,SelinaHhan,2025-10-30,12:08:31,-07:00,2025-10-30T12:08:31-07:00,2,34
projects/index.html,7,html,a134937c,SelinaHhan,2025-10-30,12:08:31,-07:00,2025-10-30T12:08:31-07:00,2,41
projects/index.html,8,html,d78788c9,SelinaHhan,2025-10-01,21:41:05,-07:00,2025-10-01T21:41:05-07:00,0,5
projects/index.html,9,html,d78788c9,SelinaHhan,2025-10-01,21:41:05,-07:00,2025-10-01T21:41:05-07:00,0,4
projects/index.html,10,html,a134937c,SelinaHhan,2025-10-30,12:08:31,-07:00,2025-10-30T12:08:31-07:00,2,3
projects/index.html,11,html,a134937c,SelinaHhan,2025-10-30,12:08:31,-07:00,2025-10-30T12:08:31-07:00,4,48
projects/index.html,12,html,a134937c,SelinaHhan,2025-10-30,12:08:31,-07:00,2025-10-30T12:08:31-07:00,2,4
projects/index.html,13,html,a134937c,SelinaHhan,2025-10-30,12:08:31,-07:00,2025-10-30T12:08:31-07:00,2,0
projects/index.html,14,html,a134937c,SelinaHhan,2025-10-30,12:08:31,-07:00,2025-10-30T12:08:31-07:00,2,38
projects/index.html,15,html,a134937c,SelinaHhan,2025-10-30,12:08:31,-07:00,2025-10-30T12:08:31-07:00,2,0
projects/index.html,16,html,a134937c,SelinaHhan,2025-10-30,12:08:31,-07:00,2025-10-30T12:08:31-07:00,2,25
projects/index.html,17,html,a134937c,SelinaHhan,2025-10-30,12:08:31,-07:00,2025-10-30T12:08:31-07:00,4,58
projects/index.html,18,html,a134937c,SelinaHhan,2025-10-30,12:08:31,-07:00,2025-10-30T12:08:31-07:00,4,22
projects/index.html,19,html,a134937c,SelinaHhan,2025-10-30,12:08:31,-07:00,2025-10-30T12:08:31-07:00,2,4
projects/index.html,20,html,a134937c,SelinaHhan,2025-10-30,12:08:31,-07:00,2025-10-30T12:08:31-07:00,2,0
projects/index.html,21,html,a134937c,SelinaHhan,2025-10-30,12:08:31,-07:00,2025-10-30T12:08:31-07:00,2,4
projects/index.html,22,html,a134937c,SelinaHhan,2025-10-30,12:08:31,-07:00,2025-10-30T12:08:31-07:00,4,15
projects/index.html,23,html,a134937c,SelinaHhan,2025-10-30,12:08:31,-07:00,2025-10-30T12:08:31-07:00,4,11
projects/index.html,24,html,a134937c,SelinaHhan,2025-10-30,12:08:31,-07:00,2025-10-30T12:08:31-07:00,4,26
projects/index.html,25,html,a134937c,SelinaHhan,2025-10-30,12:08:31,-07:00,2025-10-30T12:08:31-07:00,4,31
projects/index.html,26,html,a134937c,SelinaHhan,2025-10-30,12:08:31,-07:00,2025-10-30T12:08:31-07:00,2,0
projects/index.html,27,html,a134937c,SelinaHhan,2025-10-30,12:08:31,-07:00,2025-10-30T12:08:31-07:00,2,0
projects/index.html,28,html,a134937c,SelinaHhan,2025-10-30,12:08:31,-07:00,2025-10-30T12:08:31-07:00,2,26
projects/index.html,29,html,716f6090,SelinaHhan,2025-10-01,19:33:33,-07:00,2025-10-01T19:33:33-07:00,0,0
projects/index.html,30,html,a134937c,SelinaHhan,2025-10-30,12:08:31,-07:00,2025-10-30T12:08:31-07:00,2,48
projects/index.html,31,html,a134937c,SelinaHhan,2025-10-30,12:08:31,-07:00,2025-10-30T12:08:31-07:00,2,47
projects/index.html,32,html,11a3df1c,SelinaHhan,2025-10-30,11:26:41,-07:00,2025-10-30T11:26:41-07:00,0,5
projects/index.html,33,html,11a3df1c,SelinaHhan,2025-10-30,11:26:41,-07:00,2025-10-30T11:26:41-07:00,0,5
contact/index.html,1,html,abf0200a,SelinaHhan,2025-10-01,21:47:58,-07:00,2025-10-01T21:47:58-07:00,0,13
contact/index.html,2,html,abf0200a,SelinaHhan,2025-10-01,21:47:58,-07:00,2025-10-01T21:47:58-07:00,0,14
contact/index.html,3,html,abf0200a,SelinaHhan,2025-10-01,21:47:58,-07:00,2025-10-01T21:47:58-07:00,0,4
contact/index.html,4,html,abf0200a,SelinaHhan,2025-10-01,21:47:58,-07:00,2025-10-01T21:47:58-07:00,1,22
contact/index.html,5,html,abf0200a,SelinaHhan,2025-10-01,21:47:58,-07:00,2025-10-01T21:47:58-07:00,1,68
contact/index.html,6,html,abf0200a,SelinaHhan,2025-10-01,21:47:58,-07:00,2025-10-01T21:47:58-07:00,1,33
contact/index.html,7,html,abf0200a,SelinaHhan,2025-10-01,21:47:58,-07:00,2025-10-01T21:47:58-07:00,1,43
contact/index.html,8,html,abf0200a,SelinaHhan,2025-10-01,21:47:58,-07:00,2025-10-01T21:47:58-07:00,0,5
contact/index.html,9,html,71c19a5e,SelinaHhan,2025-10-17,16:34:50,-07:00,2025-10-17T16:34:50-07:00,0,48
contact/index.html,10,html,abf0200a,SelinaHhan,2025-10-01,21:47:58,-07:00,2025-10-01T21:47:58-07:00,0,4
contact/index.html,11,html,71c19a5e,SelinaHhan,2025-10-17,16:34:50,-07:00,2025-10-17T16:34:50-07:00,1,9
contact/index.html,12,html,abf0200a,SelinaHhan,2025-10-01,21:47:58,-07:00,2025-10-01T21:47:58-07:00,0,0
contact/index.html,13,html,abf0200a,SelinaHhan,2025-10-01,21:47:58,-07:00,2025-10-01T21:47:58-07:00,1,14
contact/index.html,14,html,71c19a5e,SelinaHhan,2025-10-17,16:34:50,-07:00,2025-10-17T16:34:50-07:00,1,53
contact/index.html,15,html,71c19a5e,SelinaHhan,2025-10-17,16:34:50,-07:00,2025-10-17T16:34:50-07:00,2,52
contact/index.html,16,html,71c19a5e,SelinaHhan,2025-10-17,16:34:50,-07:00,2025-10-17T16:34:50-07:00,2,72
contact/index.html,17,html,71c19a5e,SelinaHhan,2025-10-17,16:34:50,-07:00,2025-10-17T16:34:50-07:00,2,33
contact/index.html,18,html,abf0200a,SelinaHhan,2025-10-01,21:47:58,-07:00,2025-10-01T21:47:58-07:00,1,5
contact/index.html,19,html,71c19a5e,SelinaHhan,2025-10-17,16:34:50,-07:00,2025-10-17T16:34:50-07:00,1,0
contact/index.html,20,html,abf0200a,SelinaHhan,2025-10-01,21:47:58,-07:00,2025-10-01T21:47:58-07:00,0,5
contact/index.html,21,html,abf0200a,SelinaHhan,2025-10-01,21:47:58,-07:00,2025-10-01T21:47:58-07:00,0,5
contact/index.html,22,html,dce883e5,SelinaHhan,2025-10-01,19:33:53,-07:00,2025-10-01T19:33:53-07:00,0,0
